theme_code	gismu	current_stem	current_lemma	current_combining	meaning	gismu	override	override_notes
1.1	girzu	gris	grisa	gris	group	girzu		
1.1	gunma	gun	gunga	gun	jointly	gunma	gun	combining form projected to see considerable use despite statistics
1.1	cmima	cmi	cmina	cmi	member	cmima		
1.1	pagbu	pau	paunga	pau	part	pagbu		
1.1	klesi	les	lesta	les	class	klesi		
1.1	jbini	jbin	jbina	jbin	between	jbini		
1.1	cuxna	cua	cuanga	cua	choose	cuxna		
1.1	mupli	mup	mupra	mup	example	mupli	mup	cmavo-based
1.1	basti	bas	basta	bas	replace	basti		
1.1	kampu	kaup	kaupra	kaup′	common	kampu		
1.1	fadni	fatn	fatna	fatn’	ordinary	fadni		
1.1	rirci	rirc	rirca	rirc’	rare	rirci		
1.1	ralju	ral	ralda	ral	principal	ralju		
1.1	steci	tet	tetca	tet	specific	steci		
1.1	manfo	manf	manfa	manf’	uniform	manfo		
1.1	vrici	vris	vrisa	vris	miscellaneous	vrici		
1.1	cnano	non	nonga	non	norm	cnano		
1.1	bende	dip	dipra	dip	crew	bende	dip	duei/dal/tim/ekip
1.2	stura	tur	turva	tur	structure	stura		
1.2	ciste	cis	cista	cis	system	ciste		
1.2	morna	mon	monga	mon	pattern	morna		
1.2	ganzu	ganz	ganza	ganz’	organize	ganzu		
1.2	cnici	nit	nitca	nit	orderly	cnici		
1.2	kalsa	kas	kasta	kas	chaotic	kalsa		
1.2	cunso	cun	cunga	cun	random	cunso		
1.2	pluja	lut	lutca	lut	complicated	pluja		
1.2	sampu	smau	smauna	smau	simple	sampu		
1.2	krati	kai	kainga	kai	represent	krati		
1.2	sarxe	sak	sakra	sak	harmonious	sarxe		
1.2	vanbi	vop	vopra	vop	environment	vanbi	vop	cmavo-based
1.2	javni	jvai	jvaina	jvai	rule	javni		
1.3	porsi	poir	poirva	poir′	sequence	porsi		
1.3	liste	ste	stena	ste	list	liste		
1.3	fatne	fet	fetca	fet	reverse	fatne		
1.3	lidne	lin	linga	lin	precede	lidne		
1.4	korbi	koir	koirva	koir′	edge	korbi		
1.4	jimte	jit	jitca	jit	limit	jimte		
1.4	traji	rai	rainga	rai	superlative	traji		
1.4	milxe	mli	mlina	mli	mild	milxe		
1.4	bancu	banc	banca	banc’	beyond	bancu		
1.5	karbi	krap	krapa	krap	compare	karbi		
1.5	mapti	mat	matca	mat	fit	mapti		
1.5	cimni	cmin	cmina	cmin	infinite	cimni		
1.5	zasni	zas	zasta	zas	temporary	zasni		
1.5	mutce	tce	tcena	tce	much	mutce		
1.5	barda	bra	brana	bra	big	barda		
1.5	cmalu	cma	cmana	cma	small	cmalu		
1.5	zmadu	mau	maunga	mau	more	zmadu		
1.5	mleca	mel	melda	mel	less	mleca		
1.5	zenba	zen	zenga	zen	increase	zenba		
1.5	jdika	jdik	jdika	jdik	decrease	jdika		
1.5	stodi	stot	stota	stot	constant	stodi		
1.5	cenba	cne	cnena	cne	vary	cenba		
1.5	banro	bor	borva	bor	grow	banro		
1.5	ctaru	ctar	ctara	ctar	tide	ctaru		
1.5	jmina	plus	plusa	plus	add	jmina	plus	
1.5	banzu	banz	banza	banz’	suffice	banzu		
1.5	dukse	due	duenga	due	excess	dukse		
1.5	claxu	cau	caunga	cau	without	claxu		
1.5	dunli	du	dudva	du	equal	dunli		
1.5	simsa	sia	sianga	sia	similar	simsa		
1.5	drata	dat	datca	dat	other	drata		
1.5	mintu	meu	meunga	meu	same	mintu		
1.5	frica	fit	fitca	fit	differ	frica		
1.5	dukti	dut	dutca	dut	opposite	dukti		
1.6	cmaci	cmas	cmasa	cmas	mathematics	cmaci		
1.6	mekso	meks	meksa	meks’	MEX	mekso	meks	
1.6	namcu	nas	nasta	nas	number	namcu		
1.6	kancu	kat	katca	kat	count	kancu		
1.6	kanji	kanj	kanja	kanj’	calculate	kanji		
1.6	saclu	sacl	sacla	sacl’	decimal	saclu		
1.6	sumji	smus	smusa	smus	sum	sumji		
1.6	vimcu	veu	veunga	veu	remove	vimcu		
1.6	pilji	plik	plika	plik	multiply	pilji	plik	
	dilcu					dilcu		
1.6	frinu	frin	frina	frin	fraction	frinu		
1.6	tenfa	tenf	tenfa	tenf’	exponential	tenfa		
1.6	dugri	dun	dunga	dun	logarithm	dugri		
1.6	fancu	fanc	fanca	fanc’	function	fancu		
1.6	sumti	smoi	smoina	smoi	argument	sumti		
1.6	sinso	sins	sinsa	sins’	sine	sinso		
1.6	tanjo	tot	totca	tot	tangent	tanjo		
1.6	xadba	xap	xapra	xap	half	xadba		
1.6	judri	jdur	jdura	jdur	address	judri		
2.1	bangu	bau	baunga	bau	language	bangu		
2.1	sinxa	sni	snina	sni	sign	sinxa		
2.1	fanva	fanv	fanva	fanv’	translate	fanva		
2.1	cmavo	mor	morva	mor	structure word	cmavo		
2.1	gadri	gadr	gadra	gadr’	article	gadri		
2.1	gerna	gen	genga	gen	grammar	gerna		
2.1	jufra	jua	juanga	jua	sentence	jufra		
2.1	rafsi	rap	rapra	rap	affix	rafsi		
2.1	rimni	rim	rimba	rim	rhyme	rimni		
2.1	slaka	slak	slaka	slak	syllable	slaka		
2.1	tanru	tau	taunga	tau	phrase compound	tanru		
2.1	valsi	vai	vainga	vai	word	valsi		
	broda					broda		
	brode					brode		
	brodi					brodi		
	brodo					brodo		
	brodu					brodu		
2.1	cmene	cme	cmena	cme	name	cmene		
2.1	gismu	gim	gimba	gim	root word	gismu		
2.1	lujvo	jvo	jvona	jvo	affix compound	lujvo		
2.1	lerfu	ler	lerva	ler	letteral	lerfu		
2.1	pandi	pand	panda	pand’	punctuate	pandi		
2.2	ciska	cia	cianga	cia	write	ciska		
2.2	tcidu	tcit	tcita	tcit	read	tcidu		
2.2	cukta	ckut	ckuta	ckut	book	cukta		
2.2	xatra	xatr	xatra	xatr’	letter	xatra		
2.2	karni	karn	karna	karn’	journal	karni		
2.2	cartu	caut	cautca	caut′	chart	cartu		
2.2	benji	bet	betca	bet	transfer	benji		
2.2	cradi	crat	crata	crat	radio	cradi		
2.2	tivni	tir	tirva	tir	television	tivni		
2.2	fonxa	fon	fonga	fon	telephone	fonxa		
2.2	skami	sam	samba	sam	computer	skami		
2.2	vidni	vitn	vitna	vitn’	video	vidni		
2.2	kacma	kacm	kacma	kacm’	camera	kacma		
2.3	notci	not	notca	not	message	notci		
2.3	mifra	mrip	mripa	mrip	code	mifra		
2.3	mipri	mip	mipra	mip	secret	mipri		
2.3	mrilu	mri	mrina	mri	mail	mrilu		
2.3	tcita	tcit	tcita	tcit	label	tcita		
2.3	citri	ctir	ctira	ctir	history	citri		
2.3	lisri	lis	lista	lis	story	lisri		
2.3	cusku	sku	skuna	sku	express	cusku		
2.3	tavla	tar	tarva	tar	talk	tavla		
2.3	skicu	skis	skisa	skis	describe	skicu		
2.3	stidi	til	tilda	til	suggest	stidi		
2.3	jarco	jot	jotca	jot	show	jarco		
2.3	cmoni	cmo	cmona	cmo	moan	cmoni		
2.3	frumu	fru	fruna	fru	frown	frumu		
2.3	cisma	cism	cisma	cism’	smile	cisma		
2.3	pinka	pink	pinka	pink’	comment	pinka		
2.4	casnu	snu	snuna	snu	discuss	casnu		
2.4	spuda	spu	spuna	spu	reply	spuda		
2.4	preti	ret	retca	ret	question	preti		
2.4	danfu	dap	dapra	dap	answer	danfu		
2.4	cpedu	peut	peutca	peut′	request	cpedu		
2.4	darlu	dau	daunga	dau	argue	darlu		
2.4	fraxu	fak	fakra	fak	forgive	fraxu		
2.4	friti	frit	frita	frit	offer	friti		
2.4	kajde	jde	jdena	jde	warn	kajde		
2.4	nupre	nup	nupra	nup	promise	nupre		
2.4	pante	pant	panta	pant’	protest	pante		
2.4	pikci	pikc	pikca	pikc’	beg	pikci		
2.4	rinsa	rins	rinsa	rins’	greet	rinsa		
2.4	tcica	tit	titca	tit	deceive	tcica		
2.5	mucti	mut	mutca	mut	immaterial	mucti		
2.5	menli	men	menga	men	mind	menli		
2.5	xanri	xar	xarva	xar	imaginary	xanri		
2.5	pruxi	ruk	rukra	ruk	spirit	pruxi		
2.5	sanji	sat	satca	sat	conscious	sanji		
2.5	pensi	pes	pesta	pes	think	pensi		
2.5	prenu	pre	prena	pre	person	prenu		
2.5	sevzi	ses	sesta	ses	self	sevzi		
2.5	sidbo	stio	stiona	stio	idea	sidbo		
2.5	nabmi	nam	namba	nam	problem	nabmi		
2.5	cilre	cli	clina	cli	learn	cilre		
2.5	ctuca	ctus	ctusa	ctus	teach	ctuca		
2.5	ckule	cue	cuenga	cue	school	ckule		
2.5	datni	datn	datna	datn’	data	datni		
2.5	djuno	jun	junga	jun	know	djuno		
2.5	facki	fai	fainga	fai	discover	facki		
2.5	fatci	fat	fatca	fat	fact	fatci		
2.5	jdice	jdi	jdina	jdi	decide	jdice		
2.5	jetnu	jdeu	jdeuna	jdeu	true	jetnu		
2.5	jitfa	jip	jipra	jip	false	jitfa		
2.5	jijnu	jijn	jijna	jijn’	intuit	jijnu		
2.5	jimpe	jimp	jimpa	jimp’	understand	jimpe		
2.5	jinvi	jir	jirva	jir	opine	jinvi		
2.5	kanxe	kank	kanka	kank’	conjunction	kanxe		
2.5	krici	kri	krina	kri	believe	krici		
2.5	logji	lot	lotca	lot	logic	logji		
2.5	morji	mroi	mroina	mroi	remember	morji		
2.5	natfe	nep	nepra	nep	deny	natfe		
2.5	nuzba	nus	nusta	nus	news	nuzba		
2.5	senpi	sen	senga	sen	doubt	senpi		
2.5	sitna	snit	snita	snit	cite	sitna		
2.5	smadi	smat	smata	smat	guess	smadi		
2.5	sruma	rua	ruanga	rua	assume	sruma		
2.5	tugni	toin	toinga	toin	agree	tugni		
2.5	vlina	vlin	vlina	vlin	alternation	vlina		
2.5	vreji	vet	vetca	vet	record	vreji		
2.5	xusra	xua	xuanga	xua	assert	xusra		
2.5	zasti	zai	zainga	zai	exist	zasti		
2.5	bridi	bri	brina	bri	predicate	bridi		
2.5	birti	bit	bitca	bit	certain	birti		
2.5	ciksi	cki	ckina	cki	explain	ciksi		
2.5	cipra	cip	cipra	cip	test	cipra		
2.5	lanli	lal	lalda	lal	analyze	lanli		
2.5	saske	ske	skena	ske	science	saske		
2.5	sucta	sua	suanga	sua	abstract	sucta		
2.5	tadji	tai	tainga	tai	method	tadji		
2.5	tadni	tal	talda	tal	study	tadni		
2.5	jicmu	cmu	cmuna	cmu	basis	jicmu		
2.5	manri	mair	mairva	mair′	reference	manri		
2.5	mansa	mans	mansa	mans’	satisfy	mansa		
2.5	simlu	mlu	mluna	mlu	seem	simlu		
2.5	smuni	smu	smuna	smu	meaning	smuni		
2.5	srana	ran	ranga	ran	pertain	srana		
3	cimde	cmit	cmita	cmit	dimension	cimde		
3	canlu	caul	caulda	caul′	space	canlu		
3	diklo	dio	dionga	dio	local	diklo		
3	stuzi	toit	toitca	toit′	site	stuzi		
3.1	nenri	ner	nerva	ner	in	nenri		
3.1	bartu	bar	barva	bar	out	bartu		
3.1	mlana	mla	mlana	mla	side	mlana		
3.1	lamji	lam	lamba	lam	adjacent	lamji		
3.1	pritu	preu	preuna	preu	right	pritu		
3.1	zunle	zul	zulda	zul	left	zunle		
3.1	crane	cra	crana	cra	front	crane		
3.1	trixe	tik	tikra	tik	behind	trixe		
3.1	cpana	cpan	cpana	cpan	upon	cpana		
3.1	gapru	gap	gapra	gap	above	gapru		
3.1	cnita	cnia	cniana	cnia	beneath	cnita		
3.1	dizlo	dzi	dzina	dzi	low	dizlo		
3.1	galtu	gal	galda	gal	high	galtu		
3.1	ragve	ragv	ragva	ragv’	across	ragve		
3.1	berti	bert	berta	bert’	north	berti		
3.1	snanu	nan	nanga	nan	south	snanu		
3.1	stici	sit	sitca	sit	west	stici		
3.1	stuna	sun	sunga	sun	east	stuna		
3.1	darno	dar	darva	dar	far	darno		
3.1	jibni	jbi	jbina	jbi	near	jibni		
3.1	sruri	sru	sruna	sru	surround	sruri		
3.1	vasru	vau	vaunga	vau	contain	vasru		
3.1	kalri	klar	klara	klar	open	kalri		
3.1	ganlo	gol	golda	gol	closed	ganlo		
3.1	jorne	jon	jonga	jon	joined	jorne		
3.1	kruca	kuat	kuatca	kuat′	intersect	kruca		
3.1	midju	mis	mista	mis	middle	midju		
3.1	sepli	sep	sepra	sep	apart	sepli		
3.2	sraji	rat	ratca	rat	vertical	sraji		
3.2	pinta	pin	pinga	pin	level	pinta		
3.2	salpo	sop	sopra	sop	slope	salpo		
3.3	tcena	ten	tenga	ten	stretch	tcena		
3.3	kuspe	kue	kuenga	kue	range	kuspe		
3.3	loldi	lol	lolda	lol	floor	loldi		
3.3	drudi	drut	druta	drut	roof	drudi		
3.4	tordu	tor	torva	tor	short	tordu		
3.4	clani	cla	clana	cla	long	clani		
3.4	jarki	jak	jakra	jak	narrow	jarki		
3.4	ganra	gran	grana	gran	broad	ganra		
3.4	cinla	cinl	cinla	cinl’	thin	cinla		
3.4	rotsu	tsu	tsuna	tsu	thick	rotsu		
3.4	plana	plan	plana	plan	plump	plana		
3.4	condi	cnoi	cnoina	cnoi	deep	condi		
3.4	caxno	cnak	cnaka	cnak	shallow	caxno		
3.5	tarmi	tam	tamba	tam	shape	tarmi		
3.5.1	mokca	mot	motca	mot	point	mokca		
3.5.1	jipno	jbio	jbiona	jbio	tip	jipno		
3.5.1	kojna	kot	kotca	kot	corner	kojna		
3.5.2	linji	lit	litca	lit	line	linji		
3.5.2	sirji	sir	sirva	sir	straight	sirji		
3.5.2	kruvi	krup	krupa	krup	curve	kruvi		
3.5.2	clupa	cup	cupra	cup	loop	clupa		
3.5.2	sarlu	sral	srala	sral	spiral	sarlu		
3.5.2	jgena	jge	jgena	jge	knot	jgena		
3.5.2	jimca	jmis	jmisa	jmis	branch	jimca		
3.5.3	sefta	sfet	sfeta	sfet	surface	sefta		
3.5.3	jganu	jga	jgana	jga	angle	jganu		
3.5.3	plita	plit	plita	plit	plane	plita		
3.5.3	kurfa	kur	kurva	kur	square	kurfa		
3.5.3	karda	kart	karta	kart’	card	karda	kart	
3.5.3	cukla	cuk	cukra	cuk	round	cukla		
3.5.3	djine	jin	jinga	jin	ring	djine		
3.5.3	punli	poil	poilda	poil′	swelling	punli		
3.5.3	kevna	ker	kerva	ker	cavity	kevna		
3.5.4	bliku	blik	blika	blik	block	bliku		
3.5.4	kubli	kum	kumba	kum	cube	kubli		
3.5.4	tanbo	tom	tomba	tom	board	tanbo		
3.5.4	konju	kon	konga	kon	cone	konju		
3.5.4	slanu	slan	slana	slan	cylinder	slanu		
3.5.4	tubnu	tun	tunga	tun	tube	tubnu		
3.5.4	lenjo	lon	longa	lon	lens	lenjo		
3.5.4	cfine	cfin	cfina	cfin	wedge	cfine		
3.5.5	gacri	gait	gaitca	gait′	cover	gacri		
3.5.5	lunbe	lum	lumba	lum	bare	lunbe		
3.5.5	derxi	drek	dreka	drek	heap	derxi		
3.5.5	bolci	boi	boinga	boi	ball	bolci		
3.5.5	dirgo	drik	drika	drik	drop	dirgo		
3.5.5	boxfo	bop	bopra	bop	sheet	boxfo		
3.5.5	karli	kral	krala	kral	collar	karli		
3.5.5	cilta	cial	cialda	cial′	thread	cilta		
3.5.5	tapla	tapl	tapla	tapl’	tile	tapla		
3.5.5	cinje	cnis	cnisa	cnis	wrinkle	cinje		
3.5.5	fenra	fer	ferva	fer	crack	fenra		
3.5.5	foldi	foi	foinga	foi	field	foldi		
3.5.5	senta	snet	sneta	snet	layer	senta		
3.5.5	snuji	nut	nutca	nut	sandwich	snuji		
3.5.5	panlo	pol	polda	pol	slice	panlo		
3.5.5	papri	pajn	pajna	pajn’	page	papri	pajn	
3.5.5	bakfu	bakf	bakfa	bakf’	bundle	bakfu		
3.5.5	skuro	skur	skura	skur	groove	skuro		
3.5.5	bidju	bidj	bidja	bidj’	bead	bidju		
3.5.5	genxu	genk	genka	genk’	hook	genxu		
3.5.5	grana	gan	ganga	gan	rod	grana		
3.5.5	jesni	jesn	jesna	jesn’	needle	jesni		
3.5.5	calku	cak	cakra	cak	shell	calku		
3.5.5	pilka	pia	pianga	pia	crust	pilka		
3.5.5	dasri	sri	srina	sri	ribbon	dasri		
3.5.5	culno	clu	cluna	clu	full	culno		
3.5.5	kunti	kut	kutca	kut	empty	kunti		
3.5.5	tagji	tcak	tcaka	tcak	snug	tagji		
3.5.5	kluza	lus	lusta	lus	loose	kluza		
3.5.5	trati	trat	trata	trat	taut	trati		
3.5.5	korcu	kro	krona	kro	bent	korcu		
3.5.5	bargu	brak	braka	brak	arch	bargu		
4	cabna	ca	cadva	ca	now	cabna		
4	balvi	ba	badva	ba	future	balvi		
4	purci	pu	pudva	pu	past	purci		
4	temci	tem	temba	tem	time	temci		
4	citno	cio	cionga	cio	young	citno		
4	clira	lir	lirva	lir	early	clira		
4	lerci	lerc	lerca	lerc’	late	lerci		
4.1	djedi	det	detca	det	full day	djedi		
4.1	cerni	cner	cnera	cner	morning	cerni		
4.1	donri	doi	doinga	doi	daytime	donri		
4.1	nicte	cte	ctena	cte	night	nicte		
4.1	vanci	vat	vatca	vat	evening	vanci		
4.1	murse	murs	mursa	murs’	glimmering	murse		
4.2	detri	detr	detra	detr’	date	detri		
4.2	jeftu	jep	jepra	jep	week	jeftu		
4.2	masti	mais	maista	mais′	month	masti		
4.2	nanca	nat	natca	nat	year	nanca		
4.2	cedra	cedr	cedra	cedr’	era	cedra		
4.2	citsi	cits	citsa	cits’	season	citsi		
4.2	dunra	dur	durva	dur	winter	dunra		
4.2	vensa	ves	vesta	ves	spring	vensa		
4.2	crisa	cris	crisa	cris	summer	crisa		
4.2	critu	crit	crita	crit	autumn	critu		
4.3	junla	jul	julda	jul	clock	junla		
4.3	tcika	tcik	tcika	tcik	time of day	tcika		
4.3	cacra	cacr	cacra	cacr’	hour	cacra		
4.3	mentu	mint	minta	mint’	minute	mentu	mint	
4.3	snidu	nil	nilda	nil	second	snidu		
5	pruce	pue	puenga	pue	process	pruce		
5	fasnu	nu	nudva	nu	event	fasnu		
5	tcini	tcin	tcina	tcin	situation	tcini		
5	tarti	trai	traina	trai	behave	tarti		
5	lifri	lip	lipra	lip	experience	lifri		
5	bapli	bai	bainga	bai	force	bapli		
5	cfari	cfa	cfana	cfa	initiate	cfari		
5	ranji	ranj	ranja	ranj’	continue	ranji		
5	fanmo	fam	famba	fam	end	fanmo		
5	rapli	raip	raipra	raip′	repeat	rapli		
5	kansa	kan	kanga	kan	with	kansa		
5	cumki	coi	coinga	coi	possible	cumki		
5	lakne	len	lenga	len	probable	lakne		
5	fanta	fant	fanta	fant’	prevent	fanta		
5	binxo	bio	bionga	bio	become	binxo		
5	canci	canc	canca	canc’	vanish	canci		
5	farvi	fap	fapra	fap	develop	farvi		
5	cafne	cap	capra	cap	often	cafne		
5	dikni	dik	dikra	dik	regular	dikni		
5	vitci	vitc	vitca	vitc’	irregular	vitci		
5	dimna	diam	diamba	diam′	fate	dimna		
5	xaksu	xak	xakra	xak	use up	xaksu		
5	festi	fest	festa	fest’	waste	festi		
5	krefu	kreu	kreuna	kreu	recur	krefu		
5	rarna	rar	rarva	rar	natural	rarna		
5	renvi	rer	rerva	rer	survive	renvi		
5	rilti	rilt	rilta	rilt’	rhythm	rilti		
5	stika	stik	stika	stik	adjust	stika		
5	suksa	suk	sukra	suk	sudden	suksa		
5	vitno	vio	vionga	vio	permanent	vitno		
5.1	gasnu	gau	gaunga	gau	do	gasnu		
5.1	jalge	jen	jenga	jen	result	jalge		
5.1	krinu	keu	keunga	keu	reason	krinu		
5.1	mukti	moi	moinga	moi	motive	mukti		
5.1	nibli	nibl	nibla	nibl’	necessitate	nibli		
5.1	rinka	ria	rianga	ria	cause	rinka		
5.1	zukte	zue	zuenga	zue	act	zukte		
5.1	krasi	krai	kraina	krai	source	krasi		
5.1	sarcu	sau	saunga	sau	necessary	sarcu		
5.1	nitcu	tcu	tcuna	tcu	need	nitcu		
5.2	jitro	tro	trona	tro	control	jitro		
5.2	gidva	gia	gianga	gia	guide	gidva		
5.2	xlura	klur	klura	klur	influence	xlura		
5.2	bredi	bre	brena	bre	ready	bredi		
5.2	denpa	dep	depra	dep	wait	denpa		
5.2	sisti	sti	stina	sti	cease	sisti		
5.2	dicra	dir	dirva	dir	interrupt	dicra		
5.2	zunti	zun	zunga	zun	interfere	zunti		
5.2	fliba	fli	flina	fli	fail	fliba		
5.2	frili	fil	filda	fil	easy	frili		
5.2	nandu	nal	nalda	nal	difficult	nandu		
5.2	vlipa	vli	vlina	vli	powerful	vlipa		
5.2	kakne	ken	kenga	ken	able	kakne		
5.2	sutra	sut	sutca	sut	fast	sutra		
5.2	masno	sno	snona	sno	slow	masno		
5.2	platu	plat	plata	plat	plan	platu		
5.2	prali	pal	palda	pal	profit	prali		
5.2	randa	rand	randa	rand’	yield	randa		
5.2	snada	sal	salda	sal	succeed	snada		
5.2	snuti	snut	snuta	snut	accidental	snuti		
5.2	srera	sre	srena	sre	err	srera		
5.2	troci	toi	toinga	toi	try	troci		
5.3	cuntu	cunt	cunta	cunt’	affair	cuntu		
5.3	lacri	lait	laitca	lait′	rely	lacri		
5.3	selfu	seu	seunga	seu	serve	selfu		
5.3	pleji	let	letca	let	pay	pleji		
5.3	sidju	dju	djuna	dju	help	sidju		
5.3.1	jatna	jan	janga	jan	captain	jatna		
5.3.1	minde	mil	milda	mil	command	minde		
5.3.1	tinbe	tim	timba	tim	obey	tinbe		
5.3.1	curmi	crum	cruma	crum	let	curmi		
5.3.1	fuzme	fues	fuesta	fues′	responsible	fuzme		
5.3.1	sfasa	sfas	sfasa	sfas	punish	sfasa		
5.3.2	fapro	pro	prona	pro	oppose	fapro		
5.3.2	damba	dam	damba	dam	fight	damba		
5.3.2	jinga	jnia	jniana	jnia	win	jinga		
5.3.2	nutli	noi	noinga	noi	neutral	nutli		
5.3.2	panpi	paip	paipra	paip′	peace	panpi		
5.3.2	jivna	jvi	jvina	jvi	compete	jivna		
5.3.2	bradi	brat	brata	brat	enemy	bradi		
5.3.2	venfu	vep	vepra	vep	revenge	venfu		
6	farna	far	farva	far	direction	farna		
6	penmi	pen	penga	pen	meet	penmi		
6.1.1	klama	kam	kamba	kam	come	klama		
6.1.1	litru	leu	leunga	leu	travel	litru		
6.1.1	cliva	lia	lianga	lia	leave	cliva		
6.1.1	xruti	kru	kruna	kru	return	xruti		
6.1.1	pluta	lua	luanga	lua	route	pluta		
6.1.1	stali	sta	stana	sta	remain	stali		
6.1.2	bajra	bras	brasa	bras	run	bajra		
6.1.2	cadzu	dzu	dzuna	dzu	walk	cadzu		
6.1.2	cpare	cpar	cpara	cpar	climb	cpare		
6.1.2	stapa	stap	stapa	stap	step	stapa		
6.1.2	plipe	pip	pipra	pip	leap	plipe		
6.1.2	vofli	vol	volda	vol	flight	vofli		
6.1.2	limna	lim	limba	lim	swim	limna		
6.1.2	sfubu	sum	sumba	sum	dive	sfubu		
6.1.2	carna	cnar	cnara	cnar	turn	carna		
6.1.2	jersi	jes	jesta	jes	chase	jersi		
6.1.2	rivbi	rivb	rivba	rivb’	avoid	rivbi		
6.1.2	pagre	gre	grena	gre	pass through	pagre		
6.1.2	sakli	skal	skala	skal	slide	sakli		
6.1.2	spoja	pot	potca	pot	explode	spoja		
6.1.2	porpi	pop	popra	pop	break	porpi		
6.1.2	preja	pet	petca	pet	spread	preja		
6.1.2	bikla	bik	bikra	bik	whip	bikla		
6.1.2	gunro	gur	gurva	gur	roll	gunro		
6.1.3	zvati	zva	zvana	zva	at	zvati		
6.1.3	lanxe	lank	lanka	lank’	balance	lanxe		
6.1.3	cando	cal	calda	cal	idle	cando		
6.1.3	vreta	vre	vrena	vre	reclining	vreta		
6.1.3	sarji	sra	srana	sra	support	sarji		
6.1.3	fulta	flu	fluna	flu	float	fulta		
6.1.3	dandu	daut	dautca	daut′	hang	dandu		
6.1.3	jinru	jnir	jnira	jnir	immerse	jinru		
6.1.3	zutse	tse	tsena	tse	sit	zutse		
6.1.3	sanli	sai	sainga	sai	stand	sanli		
6.1.4	farlu	fal	falda	fal	fall	farlu		
6.1.4	torni	troi	troina	troi	twist	torni		
6.1.4	slilu	sli	slina	sli	oscillate	slilu		
6.1.4	flecu	fles	flesa	fles	flow	flecu		
6.1.4	jetce	jdes	jdesa	jdes	jet	jetce		
6.2	galfi	gai	gainga	gai	modify	galfi		
6.2	sisku	sis	sista	sis	seek	sisku		
6.2	jmaji	jat	jatca	jat	gather	jmaji		
6.2	sabji	sap	sapra	sap	provide	sabji		
6.2	fatri	fait	faitca	fait′	distribute	fatri		
6.2	fendi	dift	difta	dift’	divide	fendi	dift	
6.2.1	simxu	sim	simba	sim	mutual	simxu		
6.2.1	muvdu	mur	murva	mur	move	muvdu		
6.2.1	ralte	rel	relda	rel	retain	ralte		
6.2.1	jgari	jai	jainga	jai	grasp	jgari		
6.2.1	bevri	ber	berva	ber	carry	bevri		
6.2.1	renro	reu	reunga	reu	throw	renro		
6.2.1	cecla	cel	celda	cel	launcher	cecla		
6.2.1	punji	poit	poitca	poit′	put	punji		
6.2.1	lafti	lap	lapra	lap	lift	lafti		
6.2.1	setca	set	setca	set	insert	setca		
6.2.1	catke	cek	cekra	cek	shove	catke		
6.2.1	rinju	reut	reutca	reut′	restrain	rinju		
6.2.1	danre	danr	danra	danr’	pressure	danre		
6.2.1	desku	des	desta	des	shake	desku		
6.2.1	janli	jal	jalda	jal	collide	janli		
6.2.1	tunlo	tul	tulda	tul	swallow	tunlo		
6.2.1	daspo	spo	spona	spo	destroy	daspo		
6.2.1	kavbu	kar	karva	kar	capture	kavbu		
6.2.1	lacpu	cpu	cpuna	cpu	pull	lacpu		
6.2.2	cinba	cinb	cinba	cinb’	kiss	cinba		
6.2.2	pencu	peu	peunga	peu	touch	pencu		
6.2.2	darxi	dai	dainga	dai	hit	darxi		
6.2.2	batci	bat	batca	bat	bite	batci		
6.2.2	sraku	srak	sraka	srak	scratch	sraku		
6.2.2	guska	guk	gukra	guk	scrape	guska		
6.2.2	polje	plo	plona	plo	fold	polje		
6.2.2	prina	pri	prina	pri	print	prina		
6.2.2	barna	ban	banga	ban	mark	barna		
6.2.2	spali	spal	spala	spal	polish	spali		
6.2.2	mosra	mos	mosta	mos	friction	mosra		
6.2.2	tikpa	tip	tipra	tip	kick	tikpa		
6.2.3	satre	satr	satra	satr’	stroke	satre		
6.2.3	zalvi	zal	zalda	zal	grind	zalvi		
6.2.3	katna	katn	katna	katn’	cut	katna		
6.2.3	kakpa	kakp	kakpa	kakp’	dig	kakpa		
6.2.3	plixa	plik	plika	plik	plow	plixa		
6.2.3	marxa	mak	makra	mak	mash	marxa		
6.2.3	tisna	tis	tista	tis	fill	tisna		
6.2.4	sputu	put	putca	put	spit	sputu		
6.2.4	jicla	jicl	jicla	jicl’	stir	jicla		
6.2.4	cokcu	ckos	ckosa	ckos	soak up	cokcu		
6.2.4	rinci	rinc	rinca	rinc’	drain	rinci		
6.2.4	sakci	saik	saikra	saik′	suck	sakci		
7.1	dacti	dait	daitca	dait′	object	dacti		
7.1	spisa	spis	spisa	spis	piece	spisa		
7.1	ckini	kin	kinga	kin	related	ckini		
7.1	tcila	tcil	tcila	tcil	detail	tcila		
7.1	ckaji	ka	kadva	ka	quality	ckaji		
7.1	jinzi	jinz	jinza	jinz’	innate	jinzi		
7.1	panra	par	parva	par	parallel	panra		
7.2	ratni	rait	raitca	rait′	atom	ratni		
7.2	kantu	kau	kaunga	kau	quantum	kantu		
7.2	selci	sles	slesa	sles	cell	selci		
7.2	nejni	nen	nenga	nen	energy	nejni		
7.2	dirce	dis	dista	dis	radiate	dirce		
7.2	boxna	bok	bokra	bok	wave	boxna		
7.2	maksi	maik	maikra	maik′	magnet	maksi		
7.2	dikca	dit	ditca	dit	electric	dikca		
7.3	jdari	jar	jarva	jar	firm	jdari		
7.3	tsali	tsa	tsana	tsa	strong	tsali		
7.3	ruble	ble	blena	ble	weak	ruble		
7.3	tinsa	tins	tinsa	tins’	stiff	tinsa		
7.3	ranti	rain	rainga	rain	soft	ranti		
7.3	ralci	ralc	ralca	ralc’	delicate	ralci		
7.3	pruni	pun	punga	pun	elastic	pruni		
7.3	junta	jnut	jnuta	jnut	weight	junta		
7.3	linto	lint	linta	lint’	lightweight	linto		
7.3	tilju	tilj	tilja	tilj’	heavy	tilju		
7.3	glare	gla	glana	gla	hot	glare		
7.3	lenku	lek	lekra	lek	cold	lenku		
7.3	cilmo	cim	cimba	cim	moist	cilmo		
7.3	sudga	sul	sulda	sul	dry	sudga		
7.3	denmi	dem	demba	dem	dense	denmi		
7.3	viknu	veuk	veukra	veuk′	viscous	viknu		
7.3	snipa	nip	nipra	nip	sticky	snipa		
7.3	kinli	kil	kilda	kil	sharp	kinli		
7.3	klina	klia	kliana	klia	clear	klina		
7.3	minra	mir	mirva	mir	reflect	minra		
7.3	tengu	teun	teunga	teun	texture	tengu		
7.3	xutla	xul	xulda	xul	smooth	xutla		
7.3	rufsu	rup	rupra	rup	rough	rufsu		
7.4	merli	mrel	mrela	mrel	measure	merli		
7.4	ckilu	ckeu	ckeuna	ckeu	scale	ckilu		
7.4	gradu	rau	raunga	rau	unit	gradu		
7.4	klani	ni	nidva	ni	quantity	klani		
7.4	parbi	prap	prapa	prap	ratio	parbi		
7.4	satci	satc	satca	satc’	exact	satci		
7.4.1	mitre	met	metca	met	meter	mitre	met	
7.4.1	radno	ratn	ratna	ratn’	radian	radno	radn	
7.4.1	stero	sradn	sradna	sradn’	steradian	stero	sradn	
7.4.1	litce	lit	litca	lit	liter	litce	lit	
7.4.1	grake	gram	grama	gram	gram	grake	gram	
7.4.1	molro	mlor	mlora	mlor	mole	molro		
7.4.1	kelvo	kelv	kelva	kelv’	kelvin	kelvo	kelv	
7.4.1	xampo	xamp	xampa	xamp’	ampere	xampo		
7.4.1	delno	kadl	kadla	kadl’	candela	delno	kadl	
7.4.2	gutci	gutc	gutca	gutc’	cubit	gutci		
7.4.2	minli	minl	minla	minl’	mile	minli		
7.4.2	kramu	kram	krama	kram	acre	kramu		
7.4.2	bunda	bund	bunda	bund’	pound	bunda		
7.4.2	dekpu	dekp	dekpa	dekp’	gallon	dekpu		
	dekto					dekto		
	xecto					xecto		
	kilto					kilto		
	megdo					megdo		
	gigdo					gigdo		
	terto					terto		
	petso					petso		
	xexso					xexso		
	zetro					zetro		
	gotro					gotro		
	decti					decti		
	centi					centi		
	milti					milti		
	mikri					mikri		
	nanvi					nanvi		
	picti					picti		
	femti					femti		
	xatsi					xatsi		
	zepti					zepti		
	gocti					gocti		
7.5	marji	mai	mainga	mai	material	marji		
7.5	fagri	fan	fanga	fan	fire	fagri		
7.5	lindi	lil	lilda	lil	lightning	lindi		
7.5.1	sligu	slik	slika	slik	solid	sligu		
7.5.1	panje	ponj	ponja	ponj’	sponge	panje	ponj	
7.5.1	pulce	plue	pluena	plue	dust	pulce		
7.5.1	purmo	pum	pumba	pum	powder	purmo		
7.5.1	pesxu	pek	pekra	pek	paste	pesxu		
7.5.1	jduli	jdu	jduna	jdu	jelly	jduli		
7.5.1	litki	lik	likra	lik	liquid	litki		
7.5.1	lakse	lak	lakra	lak	wax	lakse		
7.5.1	fonmo	fom	fomba	fom	foam	fonmo		
7.5.1	gapci	gat	gatca	gat	gas	gapci		
7.5.1	danmo	danm	danma	danm’	smoke	danmo		
7.5.2	runme	rum	rumba	rum	melt	runme		
7.5.2	dunja	dus	dusta	dus	freeze	dunja		
7.5.2	runta	runt	runta	runt’	dissolve	runta		
7.5.2	lunsa	luns	lunsa	luns’	condense	lunsa		
7.5.2	febvi	fem	femba	fem	boil	febvi		
7.5.2	jelca	jel	jelda	jel	burn	jelca		
7.5.3	xukmi	xum	xumba	xum	chemical	xukmi		
7.5.3	jilka	jlik	jlika	jlik	alkali	jilka		
7.5.3	slami	slam	slama	slam	acid	slami		
7.5.3	jinme	jnim	jnima	jnim	metal	jinme		
7.5.3	jinsa	jis	jista	jis	clean	jinsa		
7.5.3	mixre	mikr	mikra	mikr’	mixture	mixre		
	cidro					cidro		
	kijno					kijno		
	trano					trano		
	tabno					tabno		
	sliri					sliri		
	kliru					kliru		
	navni					navni		
	sodna					sodna		
	margu					margu		
	rijno					rijno		
	solji					solji		
	tunka					tunka		
	nikle					nikle		
	tinci					tinci		
	zinki					zinki		
	tirse					tirse		
	cnisa					cnisa		
	romge					romge		
8.1	munje	mue	muenga	mue	universe	munje		
8.1	tarci	tcar	tcara	tcar	star	tarci		
8.1	plini	plin	plina	plin	planet	plini		
8.1	mluni	mlun	mluna	mlun	satellite	mluni		
8.1	kensa	kes	kesta	kes	outer space	kensa		
8.1	solri	sol	solda	sol	solar	solri		
8.1	terdi	tel	telda	tel	earth	terdi		
8.1	lunra	lur	lurva	lur	lunar	lunra		
8.2	tumla	tua	tuanga	tua	land	tumla		
8.2	cmana	cman	cmana	cman	mountain	cmana		
8.2.1	djacu	djau	djauna	djau	water	djacu		
8.2.1	xamsi	xas	xasta	xas	sea	xamsi		
8.2.1	zbani	zban	zbana	zban	bay	zbani		
8.2.1	daplu	plu	pluna	plu	island	daplu		
8.2.1	jmifa	jmip	jmipa	jmip	shoal	jmifa		
8.2.1	rirxe	rik	rikra	rik	river	rirxe		
8.2.1	jinto	jnit	jnita	jnit	well	jinto		
8.2.1	lalxu	lauk	laukra	lauk′	lake	lalxu		
8.2.2	tsani	tan	tanga	tan	sky	tsani		
8.2.2	vacri	var	varva	var	air	vacri		
8.2.2	tcima	tia	tianga	tia	weather	tcima		
8.2.2	brife	bip	bipra	bip	breeze	brife		
8.2.2	dilnu	dil	dilda	dil	cloud	dilnu		
8.2.2	bumru	bumr	bumra	bumr’	fog	bumru		
8.2.2	carvi	car	carva	car	rain	carvi		
8.2.2	snime	snim	snima	snim	snow	snime		
8.2.2	bisli	bis	bista	bis	ice	bisli		
8.2.2	bratu	brat	brata	brat	hail	bratu		
8.2.3	kunra	kun	kunga	kun	mineral	kunra		
8.2.3	rokci	roi	roinga	roi	rock	rokci		
8.2.3	krili	kril	krila	kril	crystal	krili		
8.2.3	jemna	jme	jmena	jme	gem	jemna		
8.2.3	kliti	klit	klita	klit	clay	kliti		
8.2.3	canre	can	canga	can	sand	canre		
8.2.3	bakri	bakr	bakra	bakr’	chalk	bakri		
8.2.3	silna	slin	slina	slin	salt	silna		
8.2.3	kolme	koil	koilda	koil′	coal	kolme		
8.2.3	ctile	ctil	ctila	ctil	petroleum	ctile		
8.2.3	tarla	tral	trala	tral	tar	tarla		
8.2.3	dertu	der	derva	der	dirt	dertu		
9	jutsi	jut	jutca	jut	species	jutsi		
9	jmive	jir	jirva	jir	live	jmive		
9	morsi	mro	mrona	mro	dead	morsi		
9	catra	catr	catra	catr’	kill	catra		
9	makcu	maut	mautca	maut′	mature	makcu		
9	xadni	xal	xalda	xal	body	xadni		
9	panzi	pas	pasta	pas	offspring	panzi		
9	jgina	gin	ginga	gin	gene	jgina		
9	lanbi	lanb	lanba	lanb’	protein	lanbi		
9	cecmu	ceu	ceunga	ceu	community	cecmu		
9	fusra	fusr	fusra	fusr’	rotten	fusra		
9	ferti	fre	frena	fre	fertile	ferti		
9	jurme	jum	jumba	jum	germ	jurme		
9	vidru	vir	virva	vir	virus	vidru		
9.1	spati	spa	spana	spa	plant	spati		
9.1	tricu	rit	ritca	rit	tree	tricu		
9.1	ckunu	ckun	ckuna	ckun	conifer	ckunu		
9.1	srasu	sas	sasta	sas	grass	srasu		
9.1	clika	clik	clika	clik	mossy	clika		
9.1	mledi	lel	lelda	lel	mold	mledi		
9.1.1	genja	get	getca	get	root	genja		
9.1.1	balji	balj	balja	balj’	bulb	balji		
9.1.1	stani	stan	stana	stan	stalk	stani		
9.1.1	pezli	pezl	pezla	pezl’	leaf	pezli		
9.1.1	xrula	rul	rulda	rul	flower	xrula		
9.1.1	grute	rut	rutca	rut	fruit	grute		
9.1.1	tsiju	tsis	tsisa	tsis	seed	tsiju		
9.1.1	narge	narg	narga	narg’	nut	narge		
9.1.1	jbari	jbar	jbara	jbar	berry	jbari		
9.1.1	dembi	demb	demba	demb’	bean	dembi		
9.1.1	gurni	gru	gruna	gru	grain	gurni		
9.1.1	stagi	stak	staka	stak	vegetable	stagi		
9.1.2	rozgu	zgu	zguna	zgu	rose	rozgu		
9.1.2	tujli	tcul	tcula	tcul	tulip	tujli		
9.1.2	latna	latn	latna	latn’	lotus	latna		
9.1.3	badna	blan	blana	blan	banana	badna	blan	
9.1.3	nimre	nimr	nimra	nimr’	citrus	nimre		
9.1.3	plise	plis	plisa	plis	apple	plise		
9.1.3	perli	per	perva	per	pear	perli		
9.1.3	guzme	zme	zmena	zme	melon	guzme		
9.1.3	figre	figr	figra	figr’	fig	figre		
9.1.4	kobli	koip	koipra	koip′	cabbage	kobli		
9.1.4	tamca	tomt	tomta	tomt’	tomato	tamca	tomt	
9.1.4	sluni	slun	sluna	slun	onion	sluni		
9.1.4	sunga	snuk	snuka	snuk	garlic	sunga		
9.1.4	patlu	patl	patla	patl’	potato	patlu		
9.1.4	samcu	samc	samca	samc’	cassava	samcu		
9.1.5	bavmi	bafm	bafma	bafm’	barley	bavmi		
9.1.5	cunmi	cnum	cnuma	cnum	millet	cunmi		
9.1.5	mavji	mar	marva	mar	oats	mavji		
9.1.5	maxri	makr	makra	makr’	wheat	maxri		
9.1.5	mraji	mras	mrasa	mras	rye	mraji		
9.1.5	sobde	spoi	spoina	spoi	soya	sobde		
9.1.5	sorgu	srok	sroka	srok	sorghum	sorgu		
9.1.5	xruba	xup	xupra	xup	buckwheat	xruba		
9.1.5	zumri	zmu	zmuna	zmu	maize	zumri		
9.1.5	rismi	ris	rista	ris	rice	rismi		
9.1.6	cindu	cind	cinda	cind’	oak	cindu		
9.1.6	tanko	tapk	tapka	tapk’	tobacco	tanko	tapk	
9.1.6	marna	mran	mrana	mran	hemp	marna		
9.2	danlu	dal	dalda	dal	animal	danlu		
9.2	cilce	cit	citca	cit	wild	cilce		
9.2.1	curnu	cnur	cnura	cnur	worm	curnu		
9.2.1	cinki	cnik	cnika	cnik	insect	cinki		
9.2.1	finpe	fip	fipra	fip	fish	finpe		
9.2.1	banfi	banf	banfa	banf’	amphibian	banfi		
9.2.1	respa	res	resta	res	reptile	respa		
9.2.1	cipni	cpi	cpina	cpi	bird	cipni		
9.2.1	mabru	mabr	mabra	mabr’	mammal	mabru		
9.2.2	jukni	juk	jukra	juk	spider	jukni		
9.2.2	jalra	jlar	jlara	jlar	cockroach	jalra		
9.2.2	sfani	sfan	sfana	sfan	fly	sfani		
9.2.2	toldi	told	tolda	told’	butterfly	toldi		
9.2.2	manti	mant	manta	mant’	ant	manti		
9.2.2	bifce	bifc	bifca	bifc’	bee	bifce		
9.2.2	civla	clip	clipa	clip	louse	civla		
9.2.2	since	snis	snisa	snis	snake	since		
9.2.2	jipci	jbis	jbisa	jbis	chicken	jipci		
9.2.2	xruki	xuk	xukra	xuk	turkey	xruki		
9.2.2	datka	datk	datka	datk’	duck	datka		
9.2.2	gunse	guns	gunsa	guns’	goose	gunse		
9.2.2	ractu	ract	racta	ract’	rabbit	ractu		
9.2.2	ratcu	ratc	ratca	ratc’	rat	ratcu		
9.2.2	smacu	smas	smasa	smas	mouse	smacu		
9.2.2	xanto	xant	xanta	xant’	elephant	xanto		
9.2.2	xarju	xaut	xautca	xaut′	pig	xarju		
9.2.2	bakni	bak	bakra	bak	bovine	bakni		
9.2.2	lanme	lan	langa	lan	sheep	lanme		
9.2.2	kanba	kanb	kanba	kanb’	goat	kanba		
9.2.2	mirli	mril	mrila	mril	deer	mirli		
9.2.2	kumte	kumt	kumta	kumt’	camel	kumte		
9.2.2	xirma	xir	xirva	xir	horse	xirma		
9.2.2	xasli	xasl	xasla	xasl’	donkey	xasli		
9.2.2	cribe	crip	cripa	crip	bear	cribe		
9.2.2	mlatu	meun	meunga	meun	cat	mlatu	meu	
9.2.2	cinfo	cnip	cnipa	cnip	lion	cinfo		
9.2.2	tirxu	trik	trika	trik	tiger	tirxu		
9.2.2	gerku	ger	gerva	ger	dog	gerku		
9.2.2	labno	lapn	lapna	lapn’	wolf	labno		
9.2.2	lorxu	lor	lorva	lor	fox	lorxu		
9.2.2	smani	sman	smana	sman	monkey	smani		
9.2.2	remna	rem	remba	rem	human	remna		
9.2.3	rango	rang	ranga	rang’	organ	rango		
9.2.3	stedu	sel	selda	sel	head	stedu		
9.2.3	flira	fir	firva	fir	face	flira		
9.2.3	mebri	mem	memba	mem	brow	mebri		
9.2.3	kanla	kal	kalda	kal	eye	kanla		
9.2.3	nazbi	zbi	zbina	zbi	nose	nazbi		
9.2.3	kerlo	kler	klera	kler	ear	kerlo		
9.2.3	moklu	mol	molda	mol	mouth	moklu		
9.2.3	ctebi	ctep	ctepa	ctep	lip	ctebi		
9.2.3	tance	tat	tatca	tat	tongue	tance		
9.2.3	xedja	xet	xetca	xet	jaw	xedja		
9.2.3	denci	denc	denca	denc’	tooth	denci		
9.2.3	galxe	glak	glaka	glak	throat	galxe		
9.2.3	cnebo	nem	nemba	nem	neck	cnebo		
9.2.3	janco	janc	janca	janc’	shoulder	janco		
9.2.3	birka	bir	birva	bir	arm	birka		
9.2.3	tuple	tue	tuenga	tue	leg	tuple		
9.2.3	xance	xanc	xanca	xanc’	hand	xance		
9.2.3	jamfu	jma	jmana	jma	foot	jamfu		
9.2.3	cidni	cil	cilda	cil	knee	cidni		
9.2.3	degji	den	denga	den	finger	degji		
9.2.3	tamji	tas	tasta	tas	thumb	tamji		
9.2.3	cinza	cinz	cinza	cinz’	tongs	cinza		
9.2.3	nalci	nait	naitca	nait′	wing	nalci		
9.2.3	cutne	cnut	cnuta	cnut	chest	cutne		
9.2.3	tatru	taut	tautca	taut′	breast	tatru		
9.2.3	betfu	bep	bepra	bep	abdomen	betfu		
9.2.3	plibu	plip	plipa	plip	pubic	plibu		
9.2.3	pinji	pinj	pinja	pinj’	penis	pinji		
9.2.3	vlagi	vlak	vlaka	vlak	vulva	vlagi		
9.2.3	zargu	zrau	zrauna	zrau	buttock	zargu		
9.2.3	ganxo	gak	gakra	gak	anus	ganxo		
9.2.3	rebla	rebl	rebla	rebl’	tail	rebla		
9.2.4	kerfa	kre	krena	kre	hair	kerfa		
9.2.4	sunla	snul	snula	snul	wool	sunla		
9.2.4	pimlu	pim	pimba	pim	feather	pimlu		
9.2.4	jgalu	jgau	jgauna	jgau	claw	jgalu		
9.2.4	sufti	sfut	sfuta	sfut	hoof	sufti		
9.2.4	jirna	jirn	jirna	jirn’	horn	jirna		
9.2.5	ciblu	blu	bluna	blu	blood	ciblu		
9.2.5	bongu	bok	bokra	bok	bone	bongu		
9.2.5	sluji	slu	sluna	slu	muscle	sluji		
9.2.5	nirna	nir	nirva	nir	nerve	nirna		
9.2.5	cigla	ckil	ckila	ckil	gland	cigla		
9.2.5	besna	ben	benga	ben	brain	besna		
9.2.5	risna	risn	risna	risn’	heart	risna		
9.2.5	fepri	fepr	fepra	fepr’	lung	fepri		
9.2.5	canti	cnat	cnata	cnat	gut	canti		
9.2.5	livga	livg	livga	livg’	liver	livga		
9.2.5	vibna	viap	viapra	viap′	vagina	vibna		
9.2.5	gutra	gutr	gutra	gutr’	womb	gutra		
9.2.5	ganti	gant	ganta	gant’	testicle	ganti		
9.3	vasxu	vak	vakra	vak	breathe	vasxu		
9.3	kafke	kafk	kafka	kafk’	cough	kafke		
9.3	senci	snes	snesa	snes	sneeze	senci		
9.3	xasne	xasn	xasna	xasn’	sweat	xasne		
9.3.1	citka	cti	ctina	cti	eat	citka		
9.3.1	pinxe	pik	pikra	pik	drink	pinxe		
9.3.1	cidja	dja	djana	dja	food	cidja		
9.3.1	vindu	veut	veutca	veut′	poison	vindu		
9.3.1	vikmi	vim	vimba	vim	excrete	vikmi		
9.3.1	kalci	kalc	kalca	kalc’	feces	kalci		
9.3.1	pinca	pinc	pinca	pinc’	urine	pinca		
9.3.1	vamtu	vaut	vautca	vaut′	vomit	vamtu		
9.3.2	cinse	cin	cinga	cin	sexual	cinse		
9.3.2	fetsi	fets	fetsa	fets’	female	fetsi		
9.3.2	nakni	nak	nakra	nak	male	nakni		
9.3.2	rorci	ror	rorva	ror	procreate	rorci		
9.3.2	gletu	gle	glena	gle	copulate	gletu		
9.3.2	sovda	sor	sorva	sor	egg	sovda		
9.3.2	tarbi	trap	trapa	trap	embryo	tarbi		
9.3.2	cifnu	ceup	ceupra	ceup′	infant	cifnu		
9.3.2	verba	ver	verva	ver	child	verba		
9.3.2	jbena	jbe	jbena	jbe	born	jbena		
9.3.3	kanro	kor	korva	kor	healthy	kanro		
9.3.3	bilma	bia	bianga	bia	ill	bilma		
9.3.3	jinku	jnik	jnika	jnik	vaccine	jinku		
9.3.3	kenra	kren	krena	kren	cancer	kenra		
9.3.3	spita	spit	spita	spit	hospital	spita		
9.3.4	frati	frat	frata	frat	react	frati		
9.3.4	bacru	baut	bautca	baut′	utter	bacru		
9.3.4	krixa	kia	kianga	kia	cry out	krixa		
9.3.4	cikna	cik	cikra	cik	awake	cikna		
9.3.4	sipna	sip	sipra	sip	sleep	sipna		
9.3.4	kalte	klat	klata	klat	hunt	kalte		
9.3.4	kelci	kel	kelda	kel	play	kelci		
9.3.4	tcaci	cat	catca	cat	custom	tcaci		
9.3.4	xabju	xau	xaunga	xau	dwell	xabju		
9.3.4	zdani	zda	zdana	zda	nest	zdani		
9.4	ganse	ges	gesta	ges	sense	ganse		
9.4	tunta	tuan	tuanga	tuan	poke	tunta		
9.4	zgana	zan	zanga	zan	observe	zgana		
9.4	carmi	crai	craina	crai	intense	carmi		
9.4	kandi	kait	kaitca	kait′	dim	kandi		
9.4	savru	vru	vruna	vru	noise	savru		
9.4	kukte	kuk	kukra	kuk	delicious	kukte		
9.4	cpina	cpin	cpina	cpin	pungent	cpina		
9.4.1	sance	sna	snana	sna	sound	sance		
9.4.1	tirna	tin	tinga	tin	hear	tirna		
9.4.1	cladu	lau	launga	lau	loud	cladu		
9.4.1	smaji	sma	smana	sma	quiet	smaji		
9.4.1	siclu	sil	silda	sil	whistle	siclu		
9.4.1	tonga	ton	tonga	ton	tone	tonga		
9.4.1	voksa	vok	vokra	vok	voice	voksa		
9.4.2	gusni	goi	goinga	goi	illumine	gusni		
9.4.2	viska	vis	vista	vis	see	viska		
9.4.2	catlu	ctal	ctala	ctal	look	catlu		
9.4.2	jvinu	jeu	jeunga	jeu	view	jvinu		
9.4.2	manku	man	manga	man	dark	manku		
9.4.2	ctino	ctio	ctiona	ctio	shadow	ctino		
9.4.2	skari	skar	skara	skar	color	skari		
9.4.2	xekri	xek	xekra	xek	black	xekri		
9.4.2	blabi	blap	blapa	blap	white	blabi		
9.4.2	grusi	rus	rusta	rus	gray	grusi		
9.4.2	xunre	xun	xunga	xun	red	xunre		
9.4.2	pelxu	pel	pelda	pel	yellow	pelxu		
9.4.2	crino	rio	rionga	rio	green	crino		
9.4.2	blanu	bla	blana	bla	blue	blanu		
9.4.2	bunre	bue	buenga	bue	brown	bunre		
9.4.2	cicna	cicn	cicna	cicn’	cyan	cicna		
9.4.2	narju	naut	nautca	naut′	orange	narju		
9.4.2	nukni	nukn	nukna	nukn’	magenta	nukni		
9.4.2	zirpu	zir	zirva	zir	purple	zirpu		
9.4.3	panci	pan	panga	pan	odor	panci		
9.4.3	sumne	smun	smuna	smun	smell	sumne		
9.4.4	vrusi	vus	vusta	vus	taste	vrusi		
9.4.4	titla	tiat	tiatca	tiat′	sweet	titla		
9.4.4	kurki	kruk	kruka	kruk	bitter	kurki		
9.4.4	slari	sar	sarva	sar	sour	slari		
9.4.5	cortu	cro	crona	cro	pain	cortu		
9.4.5	xagji	xagj	xagja	xagj’	hunger	xagji		
9.4.5	taske	tsak	tsaka	tsak	thirst	taske		
9.4.5	tatpi	taip	taipra	taip′	tired	tatpi		
10.1	cinmo	cni	cnina	cni	emotion	cinmo		
10.1	badri	dri	drina	dri	sad	badri		
10.1	ckeji	ckes	ckesa	ckes	ashamed	ckeji		
10.1	jgira	jgir	jgira	jgir	pride	jgira		
10.1	kecti	ket	ketca	ket	pity	kecti		
10.1	kufra	kup	kupra	kup	comfort	kufra		
10.1	manci	mait	maitca	mait′	wonder	manci		
10.1	prami	pam	pamba	pam	love	prami		
10.1	steba	step	stepa	step	frustration	steba		
10.1	zungi	zuk	zukra	zuk	guilt	zungi		
10.1	cinri	cir	cirva	cir	interesting	cinri		
10.1	burna	brun	bruna	brun	embarrassed	burna		
10.1	cumla	cul	culda	cul	humble	cumla		
10.1	kucli	kucl	kucla	kucl’	curious	kucli		
10.1	xebni	xen	xenga	xen	hate	xebni		
10.1	xalni	klan	klana	klan	panic	xalni		
10.1	xanka	xank	xanka	xank’	nervous	xanka		
10.1	dunku	duk	dukra	duk	anguish	dunku		
10.1	dirba	dim	dimba	dim	dear	dirba		
10.1	gleki	gek	gekra	gek	happy	gleki		
10.1	jilra	jlir	jlira	jlir	jealous	jilra		
10.1	junri	jur	jurva	jur	serious	junri		
10.1	klaku	kak	kakra	kak	weep	klaku		
10.1	terpa	tep	tepra	tep	fear	terpa		
10.1	xenru	xer	xerva	xer	regret	xenru		
10.1	fengu	feu	feunga	feu	angry	fengu		
10.1	pluka	pua	puanga	pua	pleasant	pluka		
10.1	raktu	raut	rautca	raut′	trouble	raktu		
10.1	spaji	spas	spasa	spas	surprise	spaji		
10.1	jenca	jnes	jnesa	jnes	shock	jenca		
10.1	zdile	zdil	zdila	zdil	amusing	zdile		
10.1	rigni	rin	ringa	rin	disgusting	rigni		
10.1	xajmi	xam	xamba	xam	funny	xajmi		
10.1	betri	betr	betra	betr’	tragedy	betri		
10.1	fanza	fas	fasta	fas	annoy	fanza		
10.2	zanru	zau	zaunga	zau	approve	zanru		
10.2	xalbo	klap	klapa	klap	levity	xalbo		
10.2	vajni	vas	vasta	vas	important	vajni		
10.2	trina	tri	trina	tri	attract	trina		
10.2	talsa	tsal	tsala	tsal	challenge	talsa		
10.2	surla	sur	surva	sur	relax	surla		
10.2	senva	sne	snena	sne	dream	senva		
10.2	ranxi	rak	rakra	rak	irony	ranxi		
10.2	pendo	peun	peunga	peun	friend	pendo		
10.2	pacna	pat	patca	pat	hope	pacna		
10.2	nelci	nel	nelda	nel	fond	nelci		
10.2	jundi	joi	joinga	joi	attentive	jundi		
10.2	kurji	koi	koinga	koi	take care of	kurji		
10.2	djica	djis	djisa	djis	desire	djica		
10.2	dapma	dapm	dapma	dapm’	curse	dapma		
10.2	ckire	kir	kirva	kir	grateful	ckire		
10.2	ckasu	cas	casta	cas	ridicule	ckasu		
10.2	cfipu	cfeu	cfeuna	cfeu	confusing	cfipu		
10.2	cizra	cis	cista	cis	strange	cizra		
10.2	cmila	cmia	cmiana	cmia	laugh	cmila		
10.3	xrani	xai	xainga	xai	injure	xrani		
10.3	zabna	zam	zamba	zam	favorable	zabna		
10.3	xarnu	kran	krana	kran	stubborn	xarnu		
10.3	xendo	xeu	xeunga	xeu	kind	xendo		
10.3	xamgu	xan	xanga	xan	good	xamgu		
10.3	xlali	kla	klana	kla	bad	xlali		
10.3	vifne	vip	vipra	vip	fresh	vifne		
10.3	virnu	vri	vrina	vri	brave	virnu		
10.3	stati	stat	stata	stat	talent	stati		
10.3	stace	sat	satca	sat	honest	stace		
10.3	snura	nur	nurva	nur	secure	snura		
10.3	sinma	snia	sniana	snia	esteem	sinma		
10.3	prane	pran	prana	pran	perfect	prane		
10.3	mulno	mul	mulda	mul	complete	mulno		
10.3	misno	mio	mionga	mio	famous	misno		
10.3	melbi	mle	mlena	mle	beautiful	melbi		
10.3	mabla	mal	malda	mal	derogative	mabla		
10.3	lazni	lazn	lazna	lazn’	lazy	lazni		
10.3	kusru	kus	kusta	kus	cruel	kusru		
10.3	jursa	jrus	jrusa	jrus	severe	jursa		
10.3	vlile	vil	vilda	vil	violent	vlile		
10.3	juxre	jukr	jukra	jukr’	clumsy	juxre		
10.3	funca	fua	fuanga	fua	luck	funca		
10.3	fenki	fek	fekra	fek	crazy	fenki		
10.3	drani	dra	drana	dra	correct	drani		
10.3	fange	fang	fanga	fang’	alien	fange		
10.3	darsi	dars	darsa	dars’	audacity	darsi		
10.3	curve	cur	curva	cur	pure	curve		
10.3	cnino	nin	ninga	nin	new	cnino		
10.3	slabu	slau	slauna	slau	old	slabu		
10.3	clite	clit	clita	clit	polite	clite		
10.3	ckape	cap	capra	cap	peril	ckape		
10.3	bandu	band	banda	band’	defend	bandu		
10.3	marbi	mra	mrana	mra	shelter	marbi		
10.3	banli	bal	balda	bal	great	banli		
10.3	basna	basn	basna	basn’	emphasize	basna		
10.3	racli	racl	racla	racl’	sane	racli		
10.3	prije	pit	pitca	pit	wise	prije		
10.3	bebna	bem	bemba	bem	foolish	bebna		
10.3	bilga	bin	binga	bin	obliged	bilga		
10.3	zifre	zip	zipra	zip	free	zifre		
10.3	marde	mrat	mrata	mrat	morals	marde		
10.3	palci	plas	plasa	plas	evil	palci		
10.3	vrude	vue	vuenga	vue	virtue	vrude		
10.3	certu	cre	crena	cre	expert	certu		
10.3	cfila	cfil	cfila	cfil	flaw	cfila		
11	jikca	jik	jikra	jik	socialize	jikca		
11	sivni	snip	snipa	snip	private	sivni		
11.1	lanzu	las	lasta	las	family	lanzu		
11.1	speni	spe	spena	spe	married	speni		
11.1	ninmu	nim	nimba	nim	woman	ninmu		
11.1	nanmu	nau	naunga	nau	man	nanmu		
11.1	dzena	dze	dzena	dze	elder	dzena		
11.1	rirni	rir	rirva	rir	parent	rirni		
11.1	mamta	mam	mamba	mam	mother	mamta	mam	
11.1	patfu	pap	papra	pap	father	patfu	pap	
11.1	nanla	nanl	nanla	nanl’	boy	nanla		
11.1	nixli	kli	klina	kli	girl	nixli		
11.1	bersa	bes	besta	bes	son	bersa		
11.1	tixnu	teu	teunga	teu	daughter	tixnu		
11.1	bruna	bua	buanga	bua	brother	bruna		
11.1	mensi	mes	mesta	mes	sister	mensi		
11.1	tunba	tum	tumba	tum	sibling	tunba		
11.1	famti	famt	famta	famt’	aunt or uncle	famti		
11.1	tamne	tamn	tamna	tamn’	cousin	tamne		
11.2	ritli	ritl	ritla	ritl’	rite	ritli		
11.2	salci	sla	slana	sla	celebrate	salci		
11.2	nobli	nol	nolda	nol	noble	nobli		
11.2	mikce	mit	mitca	mit	doctor	mikce		
11.2	zajba	zat	zatca	zat	gymnast	zajba		
11.2	vitke	vik	vikra	vik	guest	vitke		
11.2	xotli	xotl	xotla	xotl’	hotel	xotli	xotl	
11.2.1	turni	tru	truna	tru	govern	turni		
11.2.1	kamni	kamn	kamna	kamn’	committee	kamni		
11.2.1	catni	cai	cainga	cai	authority	catni		
11.2.1	vipsi	vips	vipsa	vips’	deputy	vipsi		
11.2.1	jecta	jet	jetca	jet	polity	jecta		
11.2.1	jansu	jas	jasta	jas	diplomat	jansu		
11.2.1	jaspu	jasp	jaspa	jasp’	passport	jaspu		
11.2.1	pikta	pikt	pikta	pikt’	ticket	pikta		
11.2.2	flalu	fla	flana	fla	law	flalu		
11.2.2	pajni	pai	painga	pai	judge	pajni		
11.2.2	zekri	zer	zerva	zer	crime	zekri		
11.2.2	pulji	pulj	pulja	pulj’	police	pulji		
11.2.2	pinfu	peup	peupra	peup′	prisoner	pinfu		
11.2.3	gunta	gut	gutca	gut	attack	gunta		
11.2.3	jamna	jam	jamba	jam	war	jamna		
11.2.3	bilni	bil	bilda	bil	military	bilni		
11.2.3	jenmi	jem	jemba	jem	army	jenmi		
11.2.3	sonci	soi	soinga	soi	soldier	sonci		
11.3.1	gubni	gum	gumba	gum	public	gubni		
11.3.1	ponse	poi	poinga	poi	possess	ponse		
11.3.1	cpacu	cpas	cpasa	cpas	get	cpacu		
11.3.1	cirko	cri	crina	cri	lose	cirko		
11.3.1	jbera	jer	jerva	jer	borrow	jbera		
11.3.1	dunda	dua	duanga	dua	give	dunda		
11.3.1	lebna	lem	lemba	lem	take	lebna		
11.3.1	pindi	pil	pilda	pil	poor	pindi		
11.3.1	ricfu	cfu	cfuna	cfu	rich	ricfu		
11.3.1	dejni	djen	djena	djen	owe	dejni		
11.3.1	cerda	cet	cetca	cet	heir	cerda		
11.3.2	jdini	din	dinga	din	money	jdini		
11.3.2	sicni	sicn	sicna	sicn’	coin	sicni		
11.3.2	rupnu	run	runga	run	dollar	rupnu		
11.3.2	fepni	fep	fepra	fep	cent	fepni		
11.3.2	banxa	bank	banka	bank’	bank	banxa	bank	
11.3.2	zivle	vle	vlena	vle	invest	zivle		
11.3.3	canja	cnas	cnasa	cnas	exchange	canja		
11.3.3	vamji	vam	vamba	vam	value	vamji		
11.3.3	jdima	dia	dianga	dia	price	jdima		
11.3.3	vecnu	ven	venga	ven	sell	vecnu		
11.3.3	kargu	karg	karga	karg’	costly	kargu		
11.3.3	janta	jnat	jnata	jnat	account	janta		
11.3.3	cnemu	neu	neunga	neu	reward	cnemu		
11.3.4	kagni	kakn	kakna	kakn’	company	kagni		
11.3.4	cteki	tek	tekra	tek	tax	cteki		
11.3.4	zarci	zait	zaitca	zait′	market	zarci		
11.3.4	jibri	jim	jimba	jim	job	jibri		
11.3.4	jerna	jren	jrena	jren	earn	jerna		
11.3.4	briju	beut	beutca	beut′	office	briju		
11.3.4	binra	binr	binra	binr’	insure	binra		
11.3.4	gusta	gust	gusta	gust’	restaurant	gusta		
11.3.4	barja	barj	barja	barj’	bar	barja		
12.1	kulnu	klu	kluna	klu	culture	kulnu		
12.1	natmi	nai	nainga	nai	nation	natmi		
12.2	tutra	tut	tutca	tut	territory	tutra		
12.2	gugde	gue	guenga	gue	country	gugde		
12.2	jarbu	jrap	jrapa	jrap	suburb	jarbu		
12.2	tcadu	tca	tcana	tca	city	tcadu		
12.2	nurma	num	numba	num	rural	nurma		
12.2	panka	pank	panka	pank’	park	panka		
12.2	bemro	mren	mrena	mren	North American	bemro	mre	
12.2	dzipo	dzip	dzipa	dzip	Antarctican	dzipo		
12.2	friko	frin	frina	frin	African	friko	fri	
12.2	ketco	mren	mrena	mren	South American	ketco	mre	
12.2	xazdo	sian	sianga	sian	Asiatic	xazdo	sia	
12.2	ropno	vron	vrona	vron	European	ropno	vro	
	glico					glico		
	softo					softo		
	xispo					xispo		
	xrabo					xrabo		
	baxso					baxso		
	polno					polno		
	semto					semto		
	spano					spano		
	srito					srito		
	latmo					latmo		
	lojbo					lojbo		
	brito					brito		
	filso					filso		
	gento					gento		
	jerxo					jerxo		
	jordo					jordo		
	kadno					kadno		
	libjo					libjo		
	lubno					lubno		
	merko					merko		
	mexno					mexno		
	misro					misro		
	morko					morko		
	rakso					rakso		
	sadjo					sadjo		
	sirxo					sirxo		
	sralo					sralo		
	bengo					bengo		
	bindo					bindo		
	brazo					brazo		
	dotco					dotco		
	fraso					fraso		
	jungo					jungo		
	kisto					kisto		
	meljo					meljo		
	ponjo					ponjo		
	porto					porto		
	rusko					rusko		
	skoto					skoto		
	slovo					slovo		
	vukro					vukro		
	xebro					xebro		
	xelso					xelso		
	xindo					xindo		
	xurdo					xurdo		
12.5	lijda	jda	jdana	jda	religion	lijda		
12.5	cevni	cer	cerva	cer	god	cevni		
12.5	censa	ces	cesta	ces	holy	censa		
12.5	makfa	map	mapra	map	magic	makfa		
12.5	malsi	mas	masta	mas	temple	malsi		
12.5	crida	ril	rilda	ril	fairy	crida		
12.5	ranmi	ram	ramba	ram	myth	ranmi		
	budjo					budjo		
	dadjo					dadjo		
	jegvo					jegvo		
	muslo					muslo		
	xriso					xriso		
12.6	larcu	lar	larva	lar	art	larcu		
12.6	muzga	mus	musta	mus	museum	muzga		
12.6	cfika	fia	fianga	fia	fiction	cfika		
12.6	pemci	cpuen	cpuena	cpuen	poem	pemci	cpue	
12.6	prosa	pros	prosa	pros	prose	prosa	pros	
12.6	pixra	kra	krana	kra	picture	pixra		
12.6	draci	dras	drasa	dras	drama	draci		
12.6	tigni	tikn	tikna	tikn’	perform	tigni		
12.6	skina	skin	skina	skin	cinema	skina		
12.6	zgike	zgi	zgina	zgi	music	zgike		
12.6	sanga	san	sanga	san	sing	sanga		
12.6	dansu	dans	dansa	dans’	dance	dansu		
12.6	damri	damr	damra	damr’	drum	damri		
12.6	flani	flan	flana	flan	flute	flani		
12.6	jgita	git	gitca	git	guitar	jgita		
12.6	pipno	pifn	pifna	pifn’	piano	pipno	pifn	
12.6	tabra	tabr	tabra	tabr’	trumpet	tabra		
12.6	xagri	xagr	xagra	xagr’	reed	xagri		
13.1	fenso	fen	fenga	fen	sew	fenso		
13.1	jivbu	jvip	jvipa	jvip	weave	jivbu		
13.1	nivji	nivj	nivja	nivj’	knit	nivji		
13.1	lasna	lasn	lasna	lasn’	fasten	lasna		
13.1	gundi	gund	gunda	gund’	industry	gundi		
13.1	fanri	fanr	fanra	fanr’	factory	fanri		
13.1	cange	cang	canga	cang’	farm	cange		
13.1	purdi	pul	pulda	pul	garden	purdi		
13.1	crepu	rep	repra	rep	harvest	crepu		
13.1	sombo	som	somba	som	sow	sombo		
13.1	spofu	spop	spopa	spop	broken	spofu		
13.1	cikre	ckir	ckira	ckir	repair	cikre		
13.1	gunka	gua	guanga	gua	work	gunka		
13.1	cupra	pra	prana	pra	produce	cupra		
13.1	finti	fin	finga	fin	invent	finti		
13.1	zbasu	zbas	zbasa	zbas	make	zbasu		
13.1	fukpi	fik	fikra	fik	copy	fukpi		
13.1	jadni	jait	jaitca	jait′	adorn	jadni		
13.1	jukpa	jup	jupra	jup	cook	jukpa		
	macnu					macnu		
13.1	zmiku	zmi	zmina	zmi	automatic	zmiku		
13.1	lumci	loi	loinga	loi	wash	lumci		
13.1	molki	mlok	mloka	mlok	mill	molki		
13.1	pilno	pli	plina	pli	use	pilno		
13.1	sazri	sras	srasa	sras	operate	sazri		
13.1	sorcu	sros	srosa	sros	store	sorcu		
13.2	zbabu	spoin	spoina	spoin	soap	zbabu	spoi	
13.2	jalna	jlan	jlana	jlan	starch	jalna		
13.2.1	blaci	blas	blasa	blas	glass	blaci		
13.2.1	staku	tak	takra	tak	ceramic	staku		
13.2.1	gasta	gast	gasta	gast’	steel	gasta		
13.2.1	lastu	last	lasta	last’	brass	lastu		
13.2.1	ransu	rans	ransa	rans’	bronze	ransu		
13.2.1	ckabu	ckap	ckapa	ckap	rubber	ckabu		
13.2.1	slasi	slas	slasa	slas	plastic	slasi		
13.2.1	bukpu	buk	bukra	buk	cloth	bukpu		
13.2.1	mapni	mapn	mapna	mapn’	cotton	mapni		
13.2.1	matli	matl	matla	matl’	linen	matli		
13.2.1	silka	sik	sikra	sik	silk	silka		
13.2.1	korka	kok	kokra	kok	cork	korka		
13.2.1	mudri	mrut	mruta	mrut	wood	mudri		
13.2.1	skapi	skap	skapa	skap	pelt	skapi		
13.2.1	cinta	cnit	cnita	cnit	paint	cinta		
13.2.2	xalka	kol	kolda	kol	alcohol	xalka	kol	
13.2.2	jikru	jikr	jikra	jikr’	liquor	jikru		
13.2.2	vanju	van	vanga	van	wine	vanju		
13.2.2	birje	bris	brisa	bris	beer	birje		
13.2.2	jisra	jisr	jisra	jisr’	juice	jisra		
13.2.2	sodva	sodv	sodva	sodv’	soda	sodva	sodv	
13.2.2	ckafi	kap	kapra	kap	coffee	ckafi	kaf	
13.2.2	tcati	tcain	tcaina	tcain	tea	tcati	tcai	
13.2.3	sanmi	saim	saimba	saim′	meal	sanmi		
13.2.3	rectu	rect	recta	rect’	meat	rectu		
13.2.3	grasu	ras	rasta	ras	grease	grasu		
13.2.3	ladru	laut	lautca	laut′	milk	ladru		
13.2.3	kruji	krus	krusa	krus	cream	kruji		
13.2.3	matne	matn	matna	matn’	butter	matne		
13.2.3	cirla	cril	crila	cril	cheese	cirla		
13.2.3	sakta	skat	skata	skat	sugar	sakta		
13.2.3	cakla	cokl	cokla	cokl’	chocolate	cakla	cokl	
13.2.3	nanba	nap	napra	nap	bread	nanba		
13.2.3	salta	slat	slata	slat	salad	salta		
13.2.3	sanso	snas	snasa	snas	sauce	sanso		
13.2.3	stasu	stas	stasa	stas	soup	stasu		
13.2.3	tsapi	tsap	tsapa	tsap	seasoning	tsapi		
13.2.3	sigja	sin	singa	sin	cigar	sigja		
13.3	rutni	roin	roinga	roin	artifact	rutni		
13.3.1	tutci	tci	tcina	tci	tool	tutci		
13.3.1	mruli	mrul	mrula	mrul	hammer	mruli		
13.3.1	dinko	dink	dinka	dink’	nail	dinko		
13.3.1	pijne	pijn	pijna	pijn’	pin	pijne		
13.3.1	burcu	bru	bruna	bru	brush	burcu		
13.3.1	balre	bel	belda	bel	blade	balre		
13.3.1	canpa	cnap	cnapa	cnap	shovel	canpa		
13.3.1	dakfu	dak	dakra	dak	knife	dakfu		
13.3.1	jinci	jnis	jnisa	jnis	shears	jinci		
13.3.1	klupe	lue	luenga	lue	screw	klupe		
13.3.1	komcu	kom	komba	kom	comb	komcu		
13.3.1	pinsi	pins	pinsa	pins’	pencil	pinsi		
13.3.1	penbi	penb	penba	penb’	pen	penbi		
13.3.1	xinmo	xinm	xinma	xinm’	ink	xinmo		
13.3.1	pelji	ples	plesa	ples	paper	pelji		
13.3.1	smuci	moit	moitca	moit′	spoon	smuci		
13.3.1	forca	fros	frosa	fros	fork	forca		
13.3.1	sacki	sack	sacka	sack’	match	sacki		
13.3.1	janbe	jap	japra	jap	bell	janbe		
13.3.1	lanci	lanc	lanca	lanc’	flag	lanci		
13.3.1	matci	matc	matca	matc’	mat	matci		
13.3.1	julne	jue	juenga	jue	net	julne		
13.3.1	murta	mua	muanga	mua	curtain	murta		
13.3.2	dacru	djar	djara	djar	drawer	dacru		
13.3.2	baktu	bakt	bakta	bakt’	bucket	baktu		
13.3.2	botpi	botp	botpa	botp’	bottle	botpi		
13.3.2	tanxe	tank	tanka	tank’	box	tanxe		
13.3.2	lante	lant	lanta	lant’	can	lante		
13.3.2	dakli	dakl	dakla	dakl’	sack	dakli		
13.3.2	kabri	kabr	kabra	kabr’	cup	kabri		
13.3.2	lanka	lank	lanka	lank’	basket	lanka		
13.3.2	patxu	patk	patka	patk’	pot	patxu		
	palne					palne		
13.3.2	palta	palt	palta	palt’	plate	palta		
13.3.2	tansi	tans	tansa	tans’	pan	tansi		
13.3.3	minji	min	minga	min	machine	minji		
13.3.3	cabra	cam	camba	cam	apparatus	cabra		
13.3.3	matra	matr	matra	matr’	motor	matra		
13.3.3	livla	lial	lialda	lial′	fuel	livla		
13.3.3	pambe	pom	pomba	pom	pump	pambe	pom	
13.3.3	toknu	tok	tokra	tok	oven	toknu		
13.3.3	xarci	xat	xatca	xat	weapon	xarci		
13.3.3	jbama	bom	bomba	bom	bomb	jbama	bom	
13.3.3	danti	dain	dainga	dain	projectile	danti		
13.4	greku	grek	greka	grek	frame	greku		
13.4	tsina	tsin	tsina	tsin	stage	tsina		
13.4	zbepi	zbep	zbepa	zbep	pedestal	zbepi		
13.4	kamju	kamj	kamja	kamj’	column	kamju		
13.4	garna	gar	garva	gar	rail	garna		
13.4	kajna	kajn	kajna	kajn’	shelf	kajna		
13.4	batke	batk	batka	batk’	button	batke		
13.4	xislu	xil	xilda	xil	wheel	xislu		
13.4	jabre	jabr	jabra	jabr’	brake	jabre		
13.4	linsi	lins	linsa	lins’	chain	linsi		
	pulni					pulni		
13.4	skori	sko	skona	sko	cord	skori		
13.4	jendu	jnet	jneta	jnet	axle	jendu		
13.4	vraga	vrak	vraka	vrak	lever	vraga		
13.5	dargu	dan	danga	dan	road	dargu		
13.5	klaji	lat	latca	lat	street	klaji		
13.5	naxle	kle	klena	kle	canal	naxle		
13.5	vinji	vit	vitca	vit	airplane	vinji		
13.5	skiji	sit	sitca	sit	ski	skiji		
13.5	falnu	faun	faunga	faun	sail	falnu		
13.5	carce	cras	crasa	cras	cart	carce		
13.5	cripu	rip	ripra	rip	bridge	cripu		
13.5	jakne	jgan	jgana	jgan	rocket	jakne		
13.5	tcana	tcan	tcana	tcan	station	tcana		
13.5	marce	mer	merva	mer	vehicle	marce		
13.5	sabnu	span	spana	span	cabin	sabnu		
13.5	bloti	blo	blona	blo	boat	bloti		
13.5	trene	ren	renga	ren	train	trene		
13.5	karce	kras	krasa	kras	car	karce		
13.6	ginka	gik	gikra	gik	camp	ginka		
13.6	dinju	deu	deunga	deu	building	dinju		
13.6	kumfa	kua	kuanga	kua	room	kumfa		
13.6	bitmu	bim	bimba	bim	wall	bitmu		
13.6	vorme	vro	vrona	vro	door	vorme		
13.6	canko	cok	cokra	cok	window	canko		
13.6	balni	baln	balna	baln’	balcony	balni		
13.6	serti	ser	serva	ser	stairs	serti		
13.6	nilce	nis	nista	nis	furniture	nilce		
13.6	jubme	jbu	jbuna	jbu	table	jubme		
13.6	stizu	stis	stisa	stis	chair	stizu		
13.6	ckana	cka	ckana	cka	bed	ckana		
13.6	sfofa	sfop	sfopa	sfop	sofa	sfofa		
13.6	kicne	kit	kitca	kit	cushion	kicne		
13.6	stela	stel	stela	stel	lock	stela		
13.6	ckiku	kik	kikra	kik	key	ckiku		
13.7	dasni	das	dasta	das	wear	dasni		
13.7	taxfu	tap	tapra	tap	garment	taxfu		
13.7	kosta	kos	kosta	kos	coat	kosta		
13.7	pastu	paus	pausta	paus′	robe	pastu		
13.7	skaci	skas	skasa	skas	skirt	skaci		
13.7	creka	crek	creka	crek	shirt	creka		
13.7	palku	pak	pakra	pak	pants	palku		
13.7	daski	dzak	dzaka	dzak	pocket	daski		
13.7	gluta	glut	gluta	glut	glove	gluta		
13.7	cutci	cut	cutca	cut	shoe	cutci		
13.7	smoka	smok	smoka	smok	sock	smoka		
13.7	mapku	maup	maupra	maup′	cap	mapku		
13.7	santa	snat	snata	snat	umbrella	santa		
