rafsi_or_cmavo,gismu,as_rafsi_ini,as_rafsi_mid,as_rafsi_fin,as_gismu,as_cmavo
ba'u,bacru,99,38,204,0,
bacru,bacru,0,0,0,1129,
badna,badna,0,0,1,21,
dri,badri,35,6,34,0,
badr,badri,0,0,0,0,
baj,bajra,76,32,0,0,
bajra,bajra,3,0,27,524,
bajr,bajra,0,0,0,0,
bakfu,bakfu,0,0,6,49,
bak,bakni,22,4,0,0,
bakni,bakni,0,0,9,95,
bakn,bakni,0,0,0,0,
bakri,bakri,0,0,2,12,
bakr,bakri,1,0,0,0,
baktu,baktu,0,0,4,10,
bakt,baktu,2,0,0,0,
balji,balji,0,0,1,7,
balni,balni,0,0,1,46,
ba'e,balre,0,1,36,0,
bav,balvi,359,48,0,0,
balvi,balvi,0,0,25,280,
balv,balvi,0,0,0,0,
bac,bancu,40,8,0,0,
bancu,bancu,0,0,13,148,
banc,bancu,0,0,0,0,
bad,bandu,119,13,0,0,
bandu,bandu,3,0,21,124,
banfi,banfi,0,0,32,26,
banfu,banfu,0,0,1,0,
bau,bangu,128,81,903,0,1158
ban,bangu,73,0,0,0,
bangu,bangu,0,0,2,1155,
bang,bangu,0,0,0,0,
bal,banli,138,6,0,0,
ba'i,banli,0,2,60,0,
banl,banli,0,0,0,0,
banli,banli,0,0,0,367,
ba'o,banro,7,12,28,0,
banr,banro,0,0,0,0,
banro,banro,0,0,0,100,
bansa,bansa,0,0,20,0,
bax,banxa,6,0,0,0,
banxa,banxa,0,0,2,22,
banx,banxa,0,0,0,0,
banzu,banzu,0,0,31,584,
baz,banzu,10,0,0,0,
bai,bapli,17,4,84,0,1420
bap,bapli,11,0,0,0,
bapl,bapli,0,0,0,0,
bra,barda,310,91,184,0,
barda,barda,3,0,0,751,
bard,barda,0,0,0,0,
bargu,bargu,0,0,6,45,
bag,bargu,2,0,0,0,
barja,barja,0,0,378,232,
barj,barja,46,0,0,0,
barji,barji,0,0,1,0,
ba'a,barna,7,0,9,0,
barna,barna,0,0,0,71,
bar,bartu,159,3,0,0,
bartu,bartu,0,0,26,181,
basna,basna,0,0,110,111,
bas,basti,38,5,0,0,
basti,basti,2,0,20,376,
bast,basti,0,0,0,0,
bat,batci,93,0,0,0,
batci,batci,1,0,27,720,
batk,batke,47,2,0,0,
batke,batke,0,0,4,25,
bavm,bavmi,20,0,0,0,
bavmi,bavmi,0,0,1,14,
baxso,baxso,0,0,1,11,
bebna,bebna,0,0,17,209,
beb,bebna,11,0,0,0,
bebn,bebna,0,0,0,0,
bem,bemro,2,0,0,0,
be'o,bemro,0,0,1,0,
be'e,bende,0,0,48,0,
bed,bende,17,0,0,0,
bende,bende,0,0,0,117,
bengo,bengo,0,0,1,1,
be'i,benji,36,12,82,0,105
bej,benji,5,0,0,0,
benji,benji,0,0,2,525,
be'a,bersa,1,0,76,0,
bes,bersa,7,1,0,0,
bersa,bersa,0,0,0,139,
ber,berti,38,11,0,0,
berti,berti,0,0,8,168,
bert,berti,0,0,0,0,
ben,besna,8,0,0,0,
besna,besna,0,0,1,154,
bef,betfu,98,0,0,0,
be'u,betfu,27,5,1,0,
betri,betri,0,0,1,83,
bei,bevri,46,22,141,0,
bev,bevri,1,0,0,0,
bevr,bevri,0,0,0,0,
bevri,bevri,0,0,0,678,
biv,bi,1,1,0,0,
biz,bi'i,2,1,0,0,
bidju,bidju,0,0,5,20,
bic,bifce,31,0,0,0,
bifce,bifce,0,0,1,17,
bifc,bifce,0,0,0,0,
bik,bikla,3,0,0,0,
bikl,bikla,0,0,0,0,
big,bilga,10,5,0,0,
bilga,bilga,0,0,7,290,
bilg,bilga,0,0,0,0,
bi'a,bilma,31,0,37,0,
bilm,bilma,0,0,0,0,
bilma,bilma,0,0,0,119,
bil,bilni,9,0,0,0,
bilni,bilni,0,0,4,26,
bindo,bindo,0,0,1,7,
binr,binra,7,1,0,0,
binra,binra,0,0,3,23,
bi'o,binxo,1,0,413,0,
bix,binxo,34,8,0,0,
binxo,binxo,0,0,18,782,
binx,binxo,0,0,0,0,
birj,birje,20,0,0,0,
birje,birje,0,0,1,95,
bir,birka,36,0,0,0,
birka,birka,0,0,3,201,
birk,birka,0,0,0,0,
birti,birti,0,0,44,411,
bit,birti,25,1,0,0,
birt,birti,0,0,0,0,
bis,bisli,13,0,0,0,
bisli,bisli,0,0,2,56,
bim,bitmu,4,18,0,0,
bi'u,bitmu,0,0,11,0,
lab,blabi,43,0,0,0,
blabi,blabi,0,0,21,491,
blab,blabi,0,2,0,0,
blaci,blaci,0,0,6,26,
blac,blaci,4,0,0,0,
bla,blanu,62,0,19,0,
blan,blanu,1,0,0,0,
blanu,blanu,0,0,0,1722,
bli,bliku,20,0,57,0,
bliku,bliku,0,0,0,47,
blo,bloti,69,9,37,0,
bloti,bloti,0,0,2,165,
lo'i,bloti,0,0,2,0,
lot,bloti,0,0,0,0,
bor,bo,0,10,0,0,
boi,bolci,21,30,68,0,
bol,bolci,89,0,0,0,
bolci,bolci,0,0,0,362,
bo'u,bongu,0,1,21,0,
bog,bongu,12,0,0,0,
bo'i,botpi,0,0,3,0,
bot,botpi,2,0,0,0,
bo'o,boxfo,8,0,16,0,
bof,boxfo,9,0,0,0,
bon,boxna,21,0,0,0,
bo'a,boxna,0,0,6,0,
brad,bradi,3,0,0,0,
bradi,bradi,0,0,2,45,
bratu,bratu,0,0,1,31,
raz,brazo,9,0,0,0,
brazo,brazo,0,0,1,3,
braz,brazo,0,0,0,0,
bre,bredi,62,1,43,0,
red,bredi,8,0,0,0,
bred,bredi,0,0,0,0,
bredi,bredi,0,0,0,111,
bri,bridi,950,23,4352,0,
brid,bridi,0,0,0,0,
bridi,bridi,0,0,0,4037,
bif,brife,89,0,0,0,
bi'e,brife,0,0,48,0,
brife,brife,0,0,0,207,
bij,briju,27,0,0,0,
briju,briju,0,0,5,149,
brij,briju,0,0,0,0,
rit,brito,26,0,2,0,
brito,brito,0,0,1,64,
broda,broda,52,0,32,9621,
rod,broda,25,0,0,0,
brod,broda,0,8,0,0,
bo'e,brode,0,1,0,0,
brodi,brodi,0,0,4,126,
bu'a,bruna,0,0,21,0,
bruna,bruna,0,0,3,311,
bun,bruna,1,2,0,0,
bu'o,budjo,2,0,7,0,
budjo,budjo,0,0,0,29,
bu'u,bukpu,1,4,61,0,
buk,bukpu,14,7,0,0,
bukpu,bukpu,0,0,0,88,
bumru,bumru,0,0,21,49,
bunda,bunda,0,0,3,36,
bu'e,bunre,0,0,17,0,
bur,bunre,7,6,0,0,
bunre,bunre,0,0,0,153,
bru,burcu,73,0,10,0,
burna,burna,0,0,13,47,
burn,burna,12,0,0,0,
caz,ca'a,3,0,0,0,
cab,cabna,343,4,0,0,
cabna,cabna,0,0,10,271,
cabn,cabna,0,0,0,0,
ca'a,cabra,58,4,126,0,
cabra,cabra,0,0,0,126,
cacra,cacra,0,0,22,182,
cacr,cacra,9,0,0,0,
dzu,cadzu,118,17,138,0,
cadz,cadzu,0,0,0,0,
cadzu,cadzu,0,0,0,388,
cafne,cafne,0,0,16,143,
caf,cafne,13,0,0,0,
cakla,cakla,0,0,3,31,
cakl,cakla,1,0,0,0,
cak,calku,14,16,0,0,
calku,calku,0,0,21,54,
calk,calku,0,0,0,0,
canci,canci,0,4,31,97,
canc,canci,8,0,0,0,
cad,cando,32,0,0,0,
cando,cando,0,0,16,56,
cand,cando,0,0,0,0,
cange,cange,0,0,16,64,
cag,cange,15,0,0,0,
cang,cange,0,0,0,0,
canja,canja,2,0,8,94,
caj,canja,2,0,2,0,
ca'o,canko,7,0,34,0,
cank,canko,0,0,0,0,
canko,canko,0,0,0,333,
ca'u,canlu,0,0,26,0,
cal,canlu,7,0,0,0,
canlu,canlu,0,0,0,53,
cna,canpa,3,0,16,0,
can,canre,33,7,0,0,
canre,canre,0,0,3,113,
cansu,cansu,0,0,2,0,
canti,canti,0,0,2,15,
cant,canti,1,0,0,0,
carce,carce,0,0,15,26,
cai,carmi,99,5,102,0,
cam,carmi,106,2,0,0,
carm,carmi,0,0,0,0,
car,carna,38,13,0,0,
carna,carna,0,0,47,92,
cartu,cartu,0,0,5,21,
cat,cartu,0,1,0,0,
carvi,carvi,0,0,15,227,
cav,carvi,12,2,0,0,
snu,casnu,96,18,101,0,
casnu,casnu,0,0,0,727,
ca'e,catke,13,1,21,0,
catk,catke,0,0,0,0,
catke,catke,0,0,0,99,
cta,catlu,38,7,178,0,
catlu,catlu,0,0,4,599,
catl,catlu,0,0,0,0,
ca'i,catni,9,0,40,0,74
catr,catra,67,2,0,0,
catra,catra,0,0,57,327,
caxno,caxno,0,0,3,9,
cax,caxno,2,0,0,0,
cec,ce,8,0,0,0,
ce'a,cecla,4,0,56,0,
cel,cecla,9,0,0,0,
cecla,cecla,0,0,0,164,
ce'u,cecmu,0,0,84,0,
cecmu,cecmu,0,0,15,296,
cem,cecmu,7,2,0,0,
cedra,cedra,0,0,26,59,
cedr,cedra,8,1,0,0,
cne,cenba,22,7,53,0,
cenb,cenba,0,0,0,0,
ces,censa,83,6,0,0,
censa,censa,0,0,3,98,
cens,censa,0,0,0,0,
cen,centi,0,4,0,0,
centi,centi,0,0,2,3,
cerda,cerda,0,0,7,68,
ced,cerda,6,0,0,0,
cer,cerni,24,0,0,0,
cerni,cerni,0,0,12,174,
cre,certu,38,0,87,0,
cet,certu,3,0,0,0,
certu,certu,2,0,0,291,
cei,cevni,97,3,74,0,
cev,cevni,31,0,0,0,
cevni,cevni,0,0,0,467,
cfa,cfari,93,27,57,0,
cfar,cfari,0,0,0,0,
cfari,cfari,0,0,0,294,
fi'a,cfika,0,23,95,0,
fik,cfika,5,31,0,0,
cfi,cfila,3,0,26,0,
cfine,cfine,0,0,1,10,
fi'u,cfipu,23,5,17,0,
cfip,cfipu,0,0,0,0,
cfipu,cfipu,0,0,0,306,
cib,ci,90,10,0,0,
blu,ciblu,12,20,3,0,
dja,cidja,124,3,58,0,
cidj,cidja,0,0,0,0,
cid,cidni,53,0,0,0,
cidni,cidni,0,0,6,31,
dro,cidro,4,0,6,0,
cif,cifnu,22,0,0,0,
cifnu,cifnu,0,0,19,148,
cifn,cifnu,0,0,0,0,
cigla,cigla,0,0,9,11,
cigle,cigle,0,0,2,0,
cikna,cikna,0,0,37,139,
cik,cikna,27,2,0,0,
cikn,cikna,0,0,0,0,
cikre,cikre,0,0,2,95,
cki,ciksi,38,1,100,0,
ciksi,ciksi,0,0,0,271,
cic,cilce,73,0,0,0,
cilce,cilce,0,0,24,70,
cilc,cilce,0,0,0,0,
cim,cilmo,103,22,0,0,
cilmo,cilmo,0,0,3,98,
cilm,cilmo,0,0,0,0,
cli,cilre,24,1,29,0,
cilr,cilre,0,0,0,0,
cil,cilta,4,0,0,0,
cilta,cilta,0,0,4,30,
cimde,cimde,0,0,9,45,
cimd,cimde,0,1,0,0,
cimni,cimni,0,0,12,49,
cimn,cimni,7,0,0,0,
cinba,cinba,14,0,3,299,
cindu,cindu,0,0,19,30,
cind,cindu,4,0,0,0,
cinfo,cinfo,0,0,18,369,
cinf,cinfo,1,0,0,0,
cinfu,cinfu,0,0,10,0,
cinje,cinje,0,0,2,23,
cinki,cinki,0,0,26,58,
cinla,cinla,0,0,19,54,
cinl,cinla,6,0,0,0,
cni,cinmo,95,16,106,0,
cinm,cinmo,0,0,0,0,
cinmo,cinmo,0,0,0,372,
ci'i,cinri,22,4,103,0,
cinr,cinri,0,0,0,0,
cinri,cinri,0,0,0,475,
cin,cinse,62,70,0,0,
cinse,cinse,4,0,19,109,
cins,cinse,0,0,0,0,
cint,cinta,42,0,0,0,
cinta,cinta,0,0,9,150,
cinz,cinza,3,0,0,0,
cinza,cinza,0,0,3,16,
cpi,cipni,11,2,99,0,
cipni,cipni,0,0,0,680,
cipnu,cipnu,0,0,1,0,
cipra,cipra,4,0,18,168,
cip,cipra,4,8,0,0,
cipre,cipre,0,0,1,0,
cri,cirko,6,2,38,0,
cirk,cirko,0,0,0,0,
cirla,cirla,0,0,6,123,
cirna,cirna,0,0,34,0,
cirni,cirni,0,0,8,0,
ci'a,ciska,47,12,230,0,
ciska,ciska,0,0,4,955,
cisk,ciska,0,0,0,0,
cism,cisma,15,0,0,0,
cisma,cisma,0,0,9,130,
ci'e,ciste,19,3,168,0,93
ciste,ciste,0,0,0,218,
cti,citka,125,17,53,0,
citk,citka,0,0,0,0,
citka,citka,0,0,0,1696,
ci'o,citno,14,0,228,0,
cit,citno,127,17,0,0,
citno,citno,0,0,4,462,
cir,citri,31,0,0,0,
citri,citri,0,0,3,59,
citsi,citsi,0,0,14,38,
cits,citsi,2,1,0,0,
civ,civla,2,0,0,0,
civla,civla,0,0,2,29,
cizra,cizra,3,0,21,458,
ciz,cizra,20,0,0,0,
ckabu,ckabu,0,0,2,12,
kaf,ckafi,441,0,0,0,
ckafi,ckafi,0,0,5,533,
ckaf,ckafi,1,0,0,0,
kai,ckaji,37,2,178,0,246
ckaj,ckaji,0,0,0,0,
ckaji,ckaji,0,0,0,703,
cka,ckana,39,8,5,0,
cap,ckape,12,2,0,0,
ckape,ckape,0,0,8,84,
ckasu,ckasu,4,0,22,32,
cas,ckasu,8,12,0,0,
ckas,ckasu,0,0,0,0,
cke,ckeji,2,0,36,0,
kik,ckiku,25,0,0,0,
ckiku,ckiku,0,0,5,33,
ci'u,ckilu,7,0,9,0,38
ckil,ckilu,0,0,0,0,
ckilu,ckilu,0,0,0,98,
ki'i,ckini,9,2,34,0,26
ckini,ckini,0,0,0,192,
kir,ckire,2,4,0,0,
ckire,ckire,0,0,4,323,
cu'e,ckule,0,0,52,0,
kul,ckule,40,0,0,0,
ckul,ckule,0,0,0,0,
ckule,ckule,0,0,0,377,
ku'u,ckunu,4,0,8,0,
lau,cladu,75,4,53,0,
cladu,cladu,0,0,0,167,
cla,clani,210,1,64,0,
clan,clani,0,0,0,0,
clani,clani,0,0,0,888,
cau,claxu,22,27,288,0,39
clax,claxu,0,0,0,0,
claxu,claxu,0,0,0,305,
clika,clika,0,0,2,39,
lir,clira,24,0,0,0,
clira,clira,0,0,2,93,
clir,clira,0,0,0,0,
clita,clita,0,0,2,0,
clite,clite,0,0,24,56,
lit,clite,18,0,0,0,
li'a,cliva,11,6,75,0,
liv,cliva,27,3,0,0,
cliva,cliva,0,0,3,602,
cup,clupa,29,3,0,0,
clupa,clupa,0,0,11,31,
clup,clupa,0,0,0,0,
cmac,cmaci,19,0,0,0,
cmaci,cmaci,0,0,1,65,
cma,cmalu,431,5,39,0,
cmal,cmalu,0,0,0,0,
cmalu,cmalu,0,0,0,621,
ma'a,cmana,45,0,38,0,
cmana,cmana,0,0,0,180,
ma'o,cmavo,188,0,757,0,
cmav,cmavo,0,0,0,0,
cme,cmene,150,11,207,0,
me'e,cmene,0,0,9,0,112
cmen,cmene,0,0,0,0,
cmene,cmene,0,0,0,1626,
mi'a,cmila,44,0,29,0,
cmil,cmila,0,0,0,0,
cmila,cmila,0,0,0,148,
cmi,cmima,24,83,152,0,
cmima,cmima,0,0,3,852,
mim,cmima,0,0,0,0,
cmive,cmive,0,0,2,0,
cmo,cmoni,20,0,10,0,
na'o,cnano,2,2,6,0,
neb,cnebo,32,0,0,0,
ne'o,cnebo,0,9,6,0,
cnebo,cnebo,0,0,0,49,
ne'u,cnemu,0,0,85,0,
nem,cnemu,2,0,0,0,
cnemu,cnemu,0,0,0,55,
nic,cnici,22,19,0,0,
cnici,cnici,0,0,1,41,
cnic,cnici,0,0,0,0,
nin,cnino,113,29,0,0,
ni'o,cnino,0,0,22,0,
cnin,cnino,0,0,0,0,
cnino,cnino,0,0,0,615,
nis,cnisa,2,0,0,0,
nit,cnita,91,5,0,0,
ni'a,cnita,19,1,6,0,83
cnit,cnita,0,0,0,0,
col,co,0,6,0,0,
co,co,0,0,0,0,
co'a,co'a,34,0,0,0,
com,co'e,22,1,0,0,
co'e,co'e,1,0,2,0,
co'u,co'u,7,6,0,0,
cko,cokcu,5,0,34,0,
coi,condi,112,2,9,0,
cno,condi,26,0,0,0,
con,condi,0,0,0,0,
cro,cortu,31,11,63,0,
cor,cortu,0,0,0,0,
cortu,cortu,0,0,0,101,
cpa,cpacu,26,10,70,0,
cpana,cpana,0,0,5,448,
cpan,cpana,2,0,0,0,
cpare,cpare,2,0,18,153,
par,cpare,5,4,0,0,
cpe,cpedu,23,2,125,0,
cped,cpedu,0,0,0,0,
cpedu,cpedu,0,0,0,331,
cpin,cpina,16,0,0,0,
cpina,cpina,0,0,3,42,
cradi,cradi,0,0,5,28,
crad,cradi,2,0,0,0,
cra,crane,50,7,32,0,
creka,creka,0,0,34,25,
crepu,crepu,0,0,8,10,
rep,crepu,0,7,0,0,
cribe,cribe,0,0,9,416,
rib,cribe,6,0,0,0,
crida,crida,0,0,275,308,
rid,crida,49,0,0,0,
ri'o,crino,15,0,37,0,
crino,crino,2,0,0,174,
crin,crino,0,0,0,0,
rip,cripu,2,4,0,0,
cripu,cripu,0,0,5,34,
cis,crisa,11,11,0,0,
crisa,crisa,0,0,2,57,
critu,critu,0,0,2,34,
ctaru,ctaru,0,0,2,55,
teb,ctebi,3,0,0,0,
ctebi,ctebi,0,0,2,35,
tek,cteki,18,1,0,0,
ce'i,cteki,11,0,8,0,
cteki,cteki,0,0,0,407,
ctil,ctile,3,0,0,0,
ctile,ctile,0,0,2,15,
ti'o,ctino,32,0,9,0,
ctino,ctino,0,0,0,106,
ctu,ctuca,68,0,206,0,
ctuca,ctuca,0,0,0,491,
cuk,cukla,18,4,0,0,
cukla,cukla,0,0,6,55,
cukl,cukla,0,0,0,0,
cuklo,cuklo,0,0,1,0,
cku,cukta,110,30,506,0,
cukta,cukta,0,0,4,1867,
cukt,cukta,0,0,0,0,
clu,culno,19,0,21,0,
culn,culno,0,0,0,0,
culno,culno,0,0,0,211,
cu'i,cumki,6,0,86,0,
cum,cumki,27,7,0,0,
cumki,cumki,0,0,0,672,
cumla,cumla,0,0,8,29,
cul,cumla,4,0,0,0,
cunmi,cunmi,0,0,1,7,
cun,cunso,158,0,0,0,
cu'o,cunso,0,0,5,0,27
cunso,cunso,0,0,1,54,
cu'u,cuntu,41,0,54,0,
pra,cupra,36,0,80,0,
cru,curmi,12,17,157,0,
curmi,curmi,0,0,0,381,
curnu,curnu,0,0,22,42,
cur,curnu,10,0,0,0,
cuv,curve,13,20,0,0,
curve,curve,0,0,3,403,
curv,curve,0,0,0,0,
sku,cusku,155,80,1499,0,
cusku,cusku,0,0,1,8071,
cus,cusku,0,0,0,0,
cuc,cutci,76,5,0,0,
cutci,cutci,0,0,49,420,
cutc,cutci,3,0,0,0,
cut,cutne,24,0,0,0,
cutne,cutne,0,0,1,35,
cu'a,cuxna,1,5,35,0,
cux,cuxna,10,0,0,0,
cuxna,cuxna,0,0,0,220,
dza,da,1,0,40,0,
dav,da,12,0,0,0,
daz,da'a,9,0,0,0,
dacru,dacru,0,0,2,24,
dai,dacti,10,4,47,0,
daj,dadjo,4,0,0,0,
dadjo,dadjo,0,0,1,80,
dak,dakfu,68,47,0,0,
dakfu,dakfu,0,0,57,83,
dakf,dakfu,0,0,0,0,
dakli,dakli,0,0,6,39,
dakl,dakli,1,0,0,0,
da'a,damba,33,13,71,0,
dab,damba,27,0,0,0,
damb,damba,0,0,0,0,
damba,damba,0,0,0,233,
damri,damri,0,0,8,13,
damr,damri,0,0,0,0,
dad,dandu,28,5,0,0,
dandu,dandu,0,0,25,65,
dand,dandu,0,0,0,0,
danfu,danfu,0,0,26,472,
daf,danfu,19,0,0,0,
danf,danfu,0,0,0,0,
dal,danlu,76,5,0,0,
da'u,danlu,0,0,35,0,
danlu,danlu,0,0,0,266,
dam,danmo,26,16,0,0,
danmo,danmo,0,0,24,60,
da'e,danre,7,6,16,0,
danre,danre,0,0,0,36,
dansu,dansu,1,0,29,160,
dans,dansu,1,0,0,0,
dan,danti,33,13,0,0,
danti,danti,0,0,37,67,
dant,danti,0,0,0,0,
plu,daplu,5,30,52,0,
daplu,daplu,0,0,0,14,
dapma,dapma,0,0,53,37,
dap,dapma,25,5,0,0,
dapm,dapma,0,0,0,0,
dag,dargu,11,0,0,0,
dargu,dargu,0,0,3,207,
darg,dargu,0,0,0,0,
dau,darlu,7,2,17,0,
darlu,darlu,0,0,0,171,
dar,darno,47,8,0,0,
da'o,darno,11,0,9,0,
darno,darno,0,0,0,195,
darsi,darsi,0,0,6,24,
dars,darsi,1,0,0,0,
da'i,darxi,9,7,121,0,
dax,darxi,10,4,0,0,
darxi,darxi,0,0,9,348,
dask,daski,17,1,0,0,
daski,daski,0,0,4,54,
das,dasni,7,4,0,0,
dasni,dasni,0,0,4,198,
daspa,daspa,0,0,1,0,
spo,daspo,18,0,73,0,
dasp,daspo,0,0,0,0,
daspo,daspo,0,0,0,84,
sri,dasri,71,4,90,0,
datk,datka,16,0,0,0,
datka,datka,0,0,2,51,
datn,datni,21,2,0,0,
datni,datni,0,0,14,146,
decti,decti,0,0,2,6,
deg,degji,59,16,0,0,
degji,degji,0,0,52,125,
degj,degji,0,0,0,0,
dejni,dejni,0,0,15,12,
dekpu,dekpu,0,0,15,12,
dek,dekto,5,0,0,0,
dekto,dekto,0,0,2,12,
del,delno,3,0,0,0,
de'o,delno,0,0,2,0,
dembi,dembi,0,0,3,166,
den,denci,21,18,0,0,
de'i,denci,0,2,7,0,
dem,denmi,39,11,0,0,
denmi,denmi,0,0,12,98,
dep,denpa,63,0,0,0,
de'a,denpa,11,0,11,0,
denp,denpa,0,0,0,0,
denpa,denpa,0,0,0,412,
der,dertu,49,10,0,0,
de'u,dertu,0,1,33,0,
dertu,dertu,0,0,0,130,
dre,derxi,5,1,72,0,
derxi,derxi,0,0,0,51,
desku,desku,0,0,37,69,
des,desku,9,17,0,0,
desk,desku,0,0,0,0,
det,detri,23,3,0,0,
detri,detri,0,0,5,148,
dir,dicra,12,9,0,0,
dicra,dicra,0,0,15,111,
dicr,dicra,0,0,0,0,
dic,dikca,47,0,0,0,
dikca,dikca,0,0,21,32,
klo,diklo,21,0,47,0,
dik,dikni,246,6,0,0,
dikni,dikni,0,0,15,27,
dilcu,dilcu,0,0,3,0,
dilnu,dilnu,0,0,28,62,
dil,dilnu,16,0,0,0,
diln,dilnu,0,0,0,0,
dimna,dimna,0,0,17,32,
dim,dimna,10,7,0,0,
dimn,dimna,0,0,0,0,
di'u,dinju,16,0,153,0,
dij,dinju,22,0,0,0,
dinj,dinju,0,0,0,0,
dinju,dinju,0,0,0,191,
di'o,dinko,0,0,2,0,
dinma,dinma,0,0,2,0,
dinri,dinri,0,0,3,0,
dib,dirba,60,0,0,0,
dirba,dirba,0,0,1,94,
di'e,dirce,3,0,8,0,
dig,dirgo,12,0,0,0,
dirgo,dirgo,0,0,8,35,
dzi,dizlo,47,1,11,0,
diz,dizlo,0,0,0,0,
jau,djacu,152,0,40,0,
jac,djacu,38,0,0,0,
djac,djacu,0,0,0,0,
dei,djedi,1,29,832,0,
dje,djedi,32,0,9,0,
djed,djedi,0,0,0,0,
djedi,djedi,0,0,0,425,
dji,djica,67,46,349,0,
djica,djica,0,0,0,2267,
jin,djine,33,0,0,0,
djine,djine,0,0,4,42,
ju'o,djuno,0,4,309,0,366
jun,djuno,21,20,0,0,
djun,djuno,0,0,0,0,
djuno,djuno,0,0,0,4874,
doi,do,8,6,0,0,
don,do,13,0,0,0,
do'i,donri,0,0,58,0,
dor,donri,17,11,0,0,
donri,donri,0,0,0,97,
dot,dotco,38,0,0,0,
do'o,dotco,0,1,4,0,
dotco,dotco,0,0,0,117,
draci,draci,51,0,78,82,
drac,draci,4,0,0,0,
draco,draco,0,0,14,0,
dracu,dracu,0,0,2,0,
dra,drani,163,14,358,0,
drani,drani,1,0,2,846,
dran,drani,0,0,0,0,
dat,drata,70,0,0,0,
drata,drata,0,0,32,1278,
drat,drata,0,0,0,0,
dru,drudi,2,0,34,0,
dub,du,10,0,0,0,
du'o,du,0,0,3,0,
dum,du'u,0,0,12,0,
dudna,dudna,0,0,1,0,
dug,dugri,2,0,0,0,
dugri,dugri,0,0,2,20,
dugr,dugri,0,0,0,0,
du'e,dukse,28,1,58,0,
dus,dukse,36,0,0,0,
duks,dukse,0,0,0,0,
dukse,dukse,0,0,0,433,
dut,dukti,19,4,0,0,
dukti,dukti,0,0,21,54,
du'a,dunda,2,7,170,0,
dud,dunda,3,4,0,0,
dunda,dunda,0,0,0,1020,
duj,dunja,6,0,0,0,
dunja,dunja,0,0,2,16,
duk,dunku,34,0,0,0,
du'u,dunku,2,0,12,0,
dunk,dunku,0,0,0,0,
dunku,dunku,0,0,0,102,
du'i,dunli,0,0,98,0,73
dun,dunli,27,9,1,0,
dunli,dunli,0,0,3,350,
dunra,dunra,10,0,2,39,
dur,dunra,2,0,0,0,
dze,dzena,9,4,20,0,
dzena,dzena,0,0,0,91,
zi'o,dzipo,0,0,1,0,
fa'i,facki,0,5,99,0,
fak,facki,8,12,0,0,
facki,facki,0,0,4,569,
fack,facki,0,0,0,0,
fadni,fadni,0,0,15,181,
fad,fadni,2,1,0,0,
fagre,fagre,0,0,2,0,
fag,fagri,230,2,0,0,
fagri,fagri,0,0,18,139,
fagr,fagri,0,0,0,0,
fakci,fakci,0,0,1,0,
fan,falnu,9,0,0,0,
falnu,falnu,0,0,4,13,
famti,famti,0,0,2,7,
fanc,fancu,4,0,0,0,
fancu,fancu,0,0,3,64,
fange,fange,0,0,15,100,
fang,fange,1,0,0,0,
fam,fanmo,82,1,0,0,
fa'o,fanmo,0,0,61,0,
fanmo,fanmo,0,0,0,211,
fanri,fanri,0,0,2,2,
fanta,fanta,0,0,16,166,
fanva,fanva,8,0,134,726,
fanv,fanva,4,0,0,0,
fanvi,fanvi,0,0,12,0,
fanza,fanza,0,0,37,125,
faz,fanza,6,7,0,0,
pro,fapro,54,6,51,0,
fap,fapro,4,0,0,0,
fapro,fapro,0,0,0,150,
fal,farlu,38,1,0,0,
fa'u,farlu,0,0,22,0,
farl,farlu,0,0,0,0,
farlu,farlu,0,0,0,547,
far,farna,74,19,0,0,
fa'a,farna,0,2,35,0,345
farn,farna,0,0,0,0,
farna,farna,0,0,0,121,
fav,farvi,4,6,0,0,
farvi,farvi,3,0,4,79,
fau,fasnu,39,3,203,0,408
fasn,fasnu,0,0,0,0,
fasnu,fasnu,0,0,0,958,
fac,fatci,17,10,0,0,
fatci,fatci,12,0,3,666,
fat,fatne,66,1,0,0,
fa'e,fatne,2,0,14,0,26
fai,fatri,41,37,13,0,
feb,febvi,4,0,0,0,
febvi,febvi,0,0,4,42,
femti,femti,0,0,2,5,
fendi,fendi,0,0,31,72,
fed,fendi,14,0,0,0,
fe'u,fengu,16,0,36,0,
feg,fengu,35,0,0,0,
feng,fengu,0,0,0,0,
fengu,fengu,0,0,0,163,
fek,fenki,45,0,0,0,
fenki,fenki,6,0,9,109,
fe'a,fenra,0,0,44,0,
fenra,fenra,0,0,12,93,
fe'o,fenso,4,0,6,0,
fen,fenso,5,0,0,0,
fenso,fenso,0,0,0,16,
fep,fepni,4,0,0,0,
fei,fepni,0,0,4,0,
fepni,fepni,0,0,0,91,
fepri,fepri,0,0,1,19,
fre,ferti,12,0,14,0,
fes,festi,45,15,0,0,
festi,festi,0,0,8,87,
fet,fetsi,184,4,0,0,
fe'i,fetsi,3,0,7,0,
fets,fetsi,0,0,0,0,
fetsi,fetsi,0,0,0,77,
figre,figre,0,0,1,7,
filso,filso,0,0,1,1,
fi'e,finpe,0,0,17,0,
fip,finpe,6,1,0,0,
finpe,finpe,0,0,0,191,
fi'i,finti,12,6,231,0,
fin,finti,36,22,0,0,
finti,finti,0,0,2,609,
fint,finti,0,0,0,0,
fla,flalu,42,16,32,0,
flal,flalu,0,0,0,0,
flani,flani,0,0,6,20,
flan,flani,1,0,0,0,
fle,flecu,16,3,60,0,
flecu,flecu,0,0,0,127,
fli,fliba,10,0,10,0,
fliba,fliba,0,0,0,69,
fir,flira,46,6,0,0,
flira,flira,0,0,11,189,
flir,flira,0,0,0,0,
fo'a,fo'a,8,0,0,0,
fo'i,fo'i,2,0,0,0,
foi,foldi,5,0,161,0,
flo,foldi,9,0,24,0,
fol,foldi,6,0,0,0,
foldi,foldi,0,0,0,99,
fom,fonmo,21,0,0,0,
fo'o,fonmo,0,0,2,0,
fon,fonxa,115,3,0,0,
fonxa,fonxa,0,0,15,206,
fonx,fonxa,0,0,0,0,
fro,forca,0,0,8,0,
fas,fraso,22,1,0,0,
fraso,fraso,0,0,1,182,
fras,fraso,0,0,0,0,
fra,frati,57,4,103,0,
fax,fraxu,5,3,0,0,
fraxu,fraxu,0,0,7,171,
frax,fraxu,0,0,0,0,
frica,frica,10,0,33,767,
fic,frica,31,0,0,0,
fric,frica,0,0,0,0,
fi'o,friko,35,0,2,0,
frik,friko,0,0,0,0,
fil,frili,115,12,0,0,
frili,frili,0,0,6,305,
fril,frili,0,0,0,0,
frin,frinu,3,2,1,0,
frinu,frinu,0,0,6,14,
friti,friti,0,0,18,82,
fit,friti,13,1,0,0,
fru,frumu,17,0,1,0,
frumu,frumu,0,0,0,15,
fu'i,fukpi,849,1,17,0,
fuk,fukpi,2,0,0,0,
fukp,fukpi,0,0,0,0,
flu,fulta,3,4,1,0,
ful,fulta,0,0,0,0,
fu'a,funca,0,0,47,0,
fun,funca,12,0,0,0,
funca,funca,0,0,4,28,
fusra,fusra,0,0,3,48,
fu'e,fuzme,4,0,3,0,
fuz,fuzme,2,0,0,0,
gacpi,gacpi,0,0,6,0,
gai,gacri,22,24,116,0,
gacri,gacri,0,0,0,118,
gadri,gadri,0,0,14,350,
ga'i,galfi,13,14,74,0,
gaf,galfi,25,5,0,0,
galf,galfi,0,0,0,0,
galfi,galfi,0,0,0,313,
gal,galtu,106,0,0,0,
ga'u,galtu,0,0,24,0,
galtu,galtu,0,0,2,216,
galx,galxe,11,0,0,0,
galxe,galxe,0,0,1,35,
ga'o,ganlo,54,0,3,0,13
ganl,ganlo,0,0,0,0,
gan,ganra,62,1,0,0,
ganra,ganra,0,1,15,91,
ganr,ganra,0,0,0,0,
ga'e,ganse,1,3,98,0,
gas,ganse,26,2,0,0,
ganti,ganti,0,0,4,24,
gax,ganxo,32,0,0,0,
ganxo,ganxo,0,0,1,74,
ganzu,ganzu,0,0,11,58,
gac,gapci,47,14,0,0,
gapci,gapci,0,0,18,25,
gap,gapru,21,1,0,0,
gapru,gapru,0,0,12,206,
gar,garna,26,0,0,0,
garna,garna,0,0,4,12,
garn,garna,0,0,0,0,
gau,gasnu,10,13,2211,0,289
gasn,gasnu,0,0,0,0,
gasnu,gasnu,0,0,0,1277,
gat,gasta,1,0,0,0,
gasta,gasta,0,0,1,30,
genja,genja,0,0,5,38,
gej,genja,2,0,0,0,
get,gento,26,0,0,0,
ge'o,gento,0,0,1,0,
gent,gento,0,0,0,0,
genxu,genxu,0,0,1,9,
ger,gerku,232,4,0,0,
ge'u,gerku,0,5,68,0,
gerk,gerku,0,0,0,0,
gerku,gerku,0,0,0,2764,
gen,gerna,317,17,0,0,
ge'a,gerna,3,0,178,0,
gerna,gerna,0,0,4,426,
gern,gerna,0,0,0,0,
gi'a,gidva,1,0,6,0,
gidva,gidva,0,0,2,45,
gid,gidva,0,1,0,0,
gi'o,gigdo,0,0,3,0,
gig,gigdo,1,0,0,0,
gik,ginka,4,0,0,0,
ginka,ginka,0,0,2,62,
gri,girzu,57,12,320,0,
gir,girzu,0,0,0,0,
girzu,girzu,0,0,0,355,
gim,gismu,397,3,0,0,
gi'u,gismu,0,0,50,0,
gism,gismu,0,0,0,0,
gismu,gismu,0,0,0,6524,
gla,glare,106,0,66,0,
glar,glare,0,0,0,0,
glare,glare,0,0,0,365,
gei,gleki,59,20,142,0,
gek,gleki,5,0,0,0,
glek,gleki,0,0,0,0,
gleki,gleki,0,0,0,702,
gle,gletu,223,21,105,0,
gletu,gletu,0,0,6,200,
let,gletu,0,0,0,0,
gli,glico,453,62,523,0,
gic,glico,24,0,0,0,
glico,glico,0,0,4,401,
glic,glico,0,0,0,0,
glu,gluta,0,0,9,0,
gocti,gocti,0,0,2,0,
gotro,gotro,0,0,2,6,
rau,gradu,3,0,49,0,
gradu,gradu,0,0,0,128,
gra,grake,6,0,96,0,
grake,grake,0,0,0,132,
ga'a,grana,35,20,49,0,
grana,grana,0,0,0,116,
ras,grasu,40,7,0,0,
grasu,grasu,0,0,17,28,
gras,grasu,0,0,0,0,
greku,greku,0,0,7,24,
rek,greku,1,0,0,0,
rus,grusi,28,0,0,0,
grus,grusi,6,0,0,0,
grusi,grusi,0,0,1,163,
rut,grute,6,6,0,0,
grute,grute,0,0,5,103,
grut,grute,0,0,0,0,
gruti,gruti,0,0,2,0,
gub,gubni,58,0,0,0,
gubni,gubni,0,0,3,44,
gubn,gubni,0,0,0,0,
gu'e,gugde,0,18,237,0,
gug,gugde,28,5,0,0,
gugde,gugde,0,0,0,355,
gundi,gundi,0,0,2,6,
gu'a,gunka,12,0,63,0,
gun,gunka,38,18,0,0,
gunk,gunka,0,0,0,0,
gunka,gunka,0,0,0,572,
gunma,gunma,12,0,18,321,
gum,gunma,10,0,0,0,
gu'o,gunro,0,0,16,0,
gur,gunro,12,0,0,0,
gunr,gunro,0,0,0,0,
gunse,gunse,0,0,36,349,
guns,gunse,2,0,0,0,
gunta,gunta,8,0,36,118,
gut,gunta,15,0,0,0,
gru,gurni,10,22,16,0,
gurn,gurni,0,0,0,0,
gurni,gurni,0,0,0,76,
guk,guska,5,0,0,0,
guska,guska,0,0,4,14,
gu'i,gusni,6,11,190,0,
gus,gusni,70,12,0,0,
gusni,gusni,0,0,1,346,
gusn,gusni,0,0,0,0,
gusta,gusta,0,0,18,95,
gust,gusta,1,0,0,0,
gutci,gutci,0,0,20,106,
gutr,gutra,20,0,0,0,
gutra,gutra,0,0,1,18,
zme,guzme,1,0,2,0,
guzme,guzme,0,0,0,28,
jav,ja,0,23,0,0,
jabre,jabre,0,0,5,5,
ja'i,jadni,3,0,65,0,
jad,jadni,15,0,0,0,
jadni,jadni,0,0,4,64,
jakne,jakne,0,0,5,23,
ja'e,jalge,1,7,38,0,256
jag,jalge,2,0,0,0,
jalge,jalge,0,0,0,168,
jalna,jalna,0,0,2,5,
jalra,jalra,0,0,37,29,
jamfa,jamfa,0,0,4,0,
jma,jamfu,52,8,14,0,
jaf,jamfu,0,4,0,0,
jamf,jamfu,0,0,0,0,
jamna,jamna,14,7,7,87,
jam,jamna,15,3,0,0,
jamn,jamna,0,0,0,0,
janbe,janbe,0,0,5,26,
jab,janbe,3,0,0,0,
janb,janbe,0,0,0,0,
jan,janco,8,1,0,0,
janco,janco,0,0,2,54,
janli,janli,2,0,8,26,
jal,janli,5,0,0,0,
jas,jansu,10,0,0,0,
jansu,jansu,0,0,3,6,
janta,janta,0,0,3,16,
jarbu,jarbu,0,0,3,18,
ja'o,jarco,15,44,99,0,
jarc,jarco,0,0,0,0,
jarco,jarco,0,0,0,336,
jak,jarki,44,0,0,0,
jarki,jarki,0,0,2,56,
jaspu,jaspu,0,0,3,11,
ja'a,jatna,0,0,79,0,
jatna,jatna,0,0,0,85,
jva,javni,62,6,20,0,
bam,jbama,6,0,0,0,
jbama,jbama,0,0,1,23,
jba,jbari,0,0,31,0,
jbe,jbena,62,52,75,0,
jben,jbena,0,0,0,0,
jbena,jbena,0,0,0,231,
jer,jbera,3,2,0,0,
jbera,jbera,0,0,3,55,
bi'i,jbini,0,0,56,0,
bin,jbini,24,15,0,0,
jbin,jbini,0,0,0,0,
jar,jdari,17,1,0,0,
jdari,jdari,0,0,6,91,
jdi,jdice,13,4,35,0,
jdice,jdice,0,0,0,179,
jdik,jdika,24,0,0,0,
jdika,jdika,0,0,8,82,
di'a,jdima,0,2,16,0,
jdima,jdima,0,0,0,130,
din,jdini,47,11,0,0,
di'i,jdini,1,2,5,0,
jdu,jduli,10,0,8,0,
jve,je,0,14,0,0,
jev,je,0,0,0,0,
jec,jecta,23,0,0,0,
je'a,jecta,2,0,18,0,
jecta,jecta,0,0,6,159,
ject,jecta,0,0,0,0,
jef,jeftu,129,0,0,0,
jeftu,jeftu,0,0,64,165,
jeft,jeftu,0,0,0,0,
jeg,jegvo,2,0,0,0,
je'o,jegvo,0,0,1,0,
jez,jei,0,0,3,0,
jel,jelca,30,2,0,0,
jelca,jelca,0,0,6,66,
jme,jemna,10,1,16,0,
jenca,jenca,0,0,9,18,
jendu,jendu,0,0,2,3,
jei,jenmi,1,2,10,0,
jem,jenmi,3,0,0,0,
jenmi,jenmi,0,0,0,66,
jerna,jerna,0,0,17,39,
jern,jerna,4,8,0,0,
je'i,jersi,4,2,33,0,
jersi,jersi,0,0,0,118,
jerxo,jerxo,0,0,1,0,
jes,jesni,6,0,0,0,
jesni,jesni,0,0,2,26,
je'e,jetce,1,0,4,0,
jetfu,jetfu,0,0,1,0,
jetni,jetni,0,0,8,0,
jet,jetnu,131,6,0,0,
je'u,jetnu,22,0,50,0,163
jetnu,jetnu,0,0,0,863,
ja'u,jgalu,7,0,1,0,
jga,jganu,7,2,2,0,
jai,jgari,8,0,104,0,
jgari,jgari,0,0,0,134,
jge,jgena,11,0,1,0,
gin,jgina,9,0,0,0,
jgina,jgina,0,0,2,16,
jgi,jgira,11,1,27,0,
jgira,jgira,0,0,0,52,
jgita,jgita,0,0,8,16,
git,jgita,3,0,0,0,
jbi,jibni,100,8,53,0,
jibni,jibni,0,0,0,233,
jibra,jibra,0,0,1,0,
jibri,jibri,0,0,60,203,
jib,jibri,14,0,0,0,
jibr,jibri,0,0,0,0,
jicla,jicla,0,0,35,16,
jicl,jicla,2,0,0,0,
cmu,jicmu,70,2,29,0,
jijnu,jijnu,1,0,3,48,
jij,jijnu,1,0,0,0,
jik,jikca,150,12,0,0,
jikca,jikca,10,0,32,198,
jikc,jikca,0,0,0,0,
jikru,jikru,0,0,6,4,
jikr,jikru,4,0,0,0,
jilka,jilka,0,0,1,3,
jilra,jilra,0,0,3,23,
jimca,jimca,0,0,2,41,
jmi,jimpe,47,9,301,0,
jimpe,jimpe,0,0,5,1374,
jimp,jimpe,0,0,0,0,
jimru,jimru,0,0,3,0,
jimte,jimte,0,0,33,59,
jit,jimte,22,0,0,0,
jinci,jinci,0,0,1,26,
ji'a,jinga,51,6,19,0,
jig,jinga,15,0,0,0,
jinga,jinga,0,0,0,54,
jinku,jinku,0,0,4,7,
jim,jinme,16,0,0,0,
jinme,jinme,2,0,1,25,
jinm,jinme,0,0,0,0,
jir,jinru,9,0,0,0,
jinru,jinru,0,0,5,30,
jinr,jinru,0,0,0,0,
jis,jinsa,41,8,0,0,
jinsa,jinsa,0,0,37,54,
jinto,jinto,0,0,3,53,
jint,jinto,1,0,0,0,
ji'i,jinvi,7,0,50,0,
jiv,jinvi,10,0,0,0,
jinv,jinvi,0,0,0,0,
jinvi,jinvi,0,0,0,1029,
jinzi,jinzi,0,0,16,53,
jiz,jinzi,10,3,0,0,
jipc,jipci,18,0,0,0,
jipci,jipci,0,0,18,75,
jip,jipno,41,0,0,0,
ji'o,jipno,0,0,9,0,
jipno,jipno,0,0,0,55,
jirna,jirna,0,0,357,34,
jirn,jirna,3,12,0,0,
jirne,jirne,0,0,4,0,
jisra,jisra,0,0,1,15,
jif,jitfa,56,1,0,0,
jitfa,jitfa,12,0,3,177,
jitf,jitfa,0,0,0,0,
tro,jitro,7,7,153,0,
jitro,jitro,0,0,6,144,
jivbu,jivbu,0,0,10,19,
jvi,jivna,107,30,119,0,
jivna,jivna,0,0,0,85,
jivni,jivni,0,0,6,0,
jaj,jmaji,37,10,0,0,
jmaji,jmaji,3,0,29,86,
jmifa,jmifa,0,0,2,3,
min,jmina,41,4,0,0,
jmina,jmina,4,0,14,126,
ji'e,jmive,199,1,37,0,
miv,jmive,57,0,0,0,
jmive,jmive,0,0,1,430,
jmiv,jmive,0,0,0,0,
jov,jo,0,4,0,0,
jom,jo'e,1,4,0,0,
joz,jo'e,0,4,0,0,
jo'u,jo'u,0,6,0,0,
joi,joi,2,27,0,0,
jol,joi,0,6,0,0,
jo'o,jordo,0,0,1,0,
jo'e,jorne,13,0,65,0,
jon,jorne,40,6,0,0,
jorn,jorne,0,0,0,0,
jorne,jorne,0,0,0,184,
juv,ju,0,2,0,0,
jbu,jubme,57,0,33,0,
jubme,jubme,0,0,0,699,
judri,judri,0,0,63,125,
ju'a,jufra,19,5,36,0,72
juf,jufra,40,0,0,0,
jufr,jufra,0,0,0,0,
jufra,jufra,0,0,0,503,
juk,jukni,25,0,0,0,
jukni,jukni,0,0,17,44,
jukn,jukni,0,0,0,0,
jup,jukpa,75,16,0,0,
jukpa,jukpa,0,0,50,152,
ju'e,julne,9,1,11,0,
juln,julne,0,0,0,0,
julne,julne,0,0,0,38,
ju'i,jundi,9,1,72,0,368
jud,jundi,35,0,0,0,
jundi,jundi,0,0,0,272,
jug,jungo,23,0,0,0,
jungo,jungo,0,0,1,93,
jul,junla,15,3,0,0,
junla,junla,0,0,3,25,
jur,junri,11,0,0,0,
junri,junri,0,0,5,52,
junr,junri,0,0,0,0,
junt,junta,9,0,0,0,
junta,junta,0,0,2,107,
jum,jurme,3,0,0,0,
jurme,jurme,0,0,1,13,
jurm,jurme,0,0,0,0,
jursa,jursa,0,0,4,19,
jut,jutsi,3,0,0,0,
jutsi,jutsi,0,0,2,100,
juxre,juxre,0,0,12,35,
ji'u,jvinu,0,0,11,0,
vin,jvinu,7,0,0,0,
jvinu,jvinu,0,0,0,112,
kam,ka,0,152,460,0,
kaz,ka,0,20,94,0,
ka,ka,0,0,0,0,
kabr,kabri,35,0,0,0,
kabri,kabri,0,0,8,167,
kacm,kacma,25,0,0,0,
kacma,kacma,0,0,2,31,
kadn,kadno,5,0,0,0,
kadno,kadno,0,0,2,10,
kafke,kafke,0,0,33,161,
kafk,kafke,3,0,0,0,
kagni,kagni,0,0,7,49,
kag,kagni,2,0,0,0,
jde,kajde,34,0,22,0,
kajde,kajde,0,0,0,120,
kajna,kajna,0,0,8,3,
ka'e,kakne,11,40,148,0,1836
kakne,kakne,0,0,0,648,
kakpa,kakpa,0,0,40,96,
kakp,kakpa,21,1,0,0,
kalci,kalci,0,0,6,53,
kalc,kalci,2,0,0,0,
kar,kalri,95,1,0,0,
kalri,kalri,0,0,12,98,
kalr,kalri,0,0,0,0,
kas,kalsa,92,2,0,0,
kalsa,kalsa,0,0,12,63,
kals,kalsa,0,0,0,0,
kalte,kalte,12,0,10,247,
kat,kalte,17,0,0,0,
kamju,kamju,0,0,18,33,
kamj,kamju,2,0,0,0,
kamni,kamni,0,0,8,30,
kamn,kamni,1,0,0,0,
kau,kampu,10,0,14,0,
kampu,kampu,0,0,0,89,
kanba,kanba,0,0,6,33,
kac,kancu,129,6,0,0,
kancu,kancu,0,8,77,121,
kad,kandi,4,0,0,0,
kandi,kandi,0,0,4,109,
kanji,kanji,0,0,8,159,
kaj,kanji,3,0,0,0,
kal,kanla,69,7,0,0,
kanla,kanla,0,0,12,309,
ka'o,kanro,25,0,15,0,
kanro,kanro,0,0,0,159,
kansa,kansa,1,0,111,479,
kan,kansa,84,21,0,0,
kans,kansa,0,0,0,0,
ka'u,kantu,49,5,50,0,
kant,kantu,0,0,0,0,
kantu,kantu,0,0,0,69,
kanxe,kanxe,0,0,6,35,
kax,kanxe,5,0,0,0,
kanx,kanxe,0,0,0,0,
karbi,karbi,0,0,4,52,
kab,karbi,1,0,0,0,
karc,karce,70,5,0,0,
karce,karce,0,0,62,488,
karda,karda,0,0,17,55,
kargu,kargu,0,0,26,72,
karg,kargu,0,5,0,0,
karl,karli,0,13,0,0,
karli,karli,0,0,3,5,
karni,karni,0,0,38,121,
karn,karni,15,0,0,0,
ka'a,katna,51,19,57,0,
katna,katna,0,0,4,241,
katn,katna,0,0,0,0,
kavbu,kavbu,0,0,25,194,
kav,kavbu,10,0,0,0,
kem,ke,12,134,0,0,
kep,ke'e,0,2,1,0,
ke'i,kecti,4,0,22,0,
kec,kecti,2,23,0,0,
kect,kecti,0,0,0,0,
kez,kei,0,48,1,0,
kei,kelci,70,25,224,0,
kel,kelci,70,0,0,0,
kelci,kelci,0,0,0,461,
ke'o,kelvo,0,0,16,0,
ken,kenra,13,4,0,0,
kenra,kenra,0,0,1,4,
kes,kensa,18,8,0,0,
kensa,kensa,0,0,1,24,
kre,kerfa,51,18,59,0,
kerfa,kerfa,0,0,0,298,
ker,kerlo,19,0,0,0,
kerlo,kerlo,0,0,1,61,
tco,ketco,6,0,4,0,
ke'a,kevna,22,1,245,0,
kev,kevna,14,3,0,0,
kevna,kevna,0,0,0,336,
ki'e,kicne,0,5,99,0,
kic,kicne,5,2,0,0,
kicne,kicne,0,0,0,35,
kij,kijno,21,0,0,0,
ki'o,kilto,133,0,12,0,
kilt,kilto,0,0,0,0,
kilto,kilto,0,0,0,70,
kil,kinli,102,0,0,0,
kinli,kinli,0,0,2,78,
kisto,kisto,0,0,2,10,
laj,klaji,23,5,0,0,
klaji,klaji,0,0,11,152,
kak,klaku,9,18,0,0,
klaku,klaku,0,0,4,135,
klak,klaku,0,0,0,0,
kla,klama,222,26,992,0,
klama,klama,0,0,9,5302,
klam,klama,0,0,0,0,
lai,klani,20,12,110,0,
klan,klani,0,0,0,0,
klani,klani,0,0,0,618,
lei,klesi,8,0,156,0,
kle,klesi,13,0,43,0,
klesi,klesi,0,0,0,331,
kli,klina,46,2,43,0,
kliru,kliru,0,0,1,0,
kit,kliti,47,2,0,0,
kliti,kliti,0,0,1,11,
lu'e,klupe,0,0,5,0,
lup,klupe,3,0,0,0,
luz,kluza,17,0,0,0,
kluza,kluza,0,0,3,9,
ko'i,kobli,0,0,3,0,
ko'a,kojna,6,0,16,0,
koj,kojna,8,0,0,0,
kol,kolme,0,1,0,0,
ko'e,kolme,0,0,1,0,
kom,komcu,16,0,0,0,
komcu,komcu,0,0,4,10,
kon,konju,17,0,0,0,
ko'u,konju,0,0,2,0,
koi,korbi,6,1,89,0,123
kor,korbi,4,0,0,0,
kro,korcu,24,0,19,0,
kok,korka,5,0,0,0,
korka,korka,0,0,1,0,
kos,kosta,14,0,0,0,
kosta,kosta,0,0,11,18,
kramu,kramu,0,0,3,3,
kra,krasi,13,24,35,0,
krasi,krasi,0,0,0,262,
ka'i,krati,15,3,11,0,54
krat,krati,0,0,0,0,
ke'u,krefu,3,16,58,0,114
ref,krefu,50,13,0,0,
kef,krefu,4,6,0,0,
kref,krefu,0,0,0,0,
krefu,krefu,0,0,0,583,
kri,krici,61,0,46,0,
kric,krici,0,0,0,0,
krici,krici,0,0,0,819,
krili,krili,0,0,2,9,
ki'u,krinu,0,0,23,0,959
rin,krinu,19,3,0,0,
ki'a,krixa,6,0,19,0,
kix,krixa,23,0,0,0,
krixa,krixa,0,0,2,176,
kruca,kruca,0,2,22,41,
kuc,kruca,22,0,0,0,
kruji,kruji,0,0,8,12,
kru,kruvi,6,0,28,0,
kruvi,kruvi,0,0,0,29,
ruv,kruvi,0,0,0,0,
kuz,ku'a,1,0,0,0,
kub,kubli,15,0,0,0,
kubli,kubli,0,0,11,50,
kucli,kucli,0,0,1,143,
kuf,kufra,18,2,0,0,
kufra,kufra,2,0,16,89,
kufr,kufra,0,0,0,0,
kuk,kukte,19,1,0,0,
kukte,kukte,4,0,1,50,
klu,kulnu,62,16,171,0,
kulnu,kulnu,0,0,7,228,
ku'a,kumfa,0,0,204,0,
kum,kumfa,2,0,0,0,
kumfa,kumfa,0,0,0,1016,
kumte,kumte,0,0,11,36,
kun,kunra,19,0,0,0,
kunra,kunra,0,0,3,10,
kut,kunti,16,0,0,0,
kunti,kunti,2,0,7,100,
kur,kurfa,11,0,0,0,
kurfa,kurfa,0,0,10,23,
ku'i,kurji,0,4,74,0,
kuj,kurji,9,6,0,0,
kurj,kurji,0,0,0,0,
kurji,kurji,0,0,0,218,
kurk,kurki,0,2,0,0,
kurki,kurki,0,0,1,20,
ku'e,kuspe,39,0,32,0,
kup,kuspe,15,0,0,0,
kusp,kuspe,0,0,0,0,
kuspe,kuspe,0,0,0,44,
kus,kusru,4,0,0,0,
kusru,kusru,0,0,4,74,
kusr,kusru,0,0,0,0,
labn,labno,9,0,0,0,
labno,labno,0,0,7,14,
cpu,lacpu,4,13,39,0,
lap,lacpu,0,2,0,0,
lacpu,lacpu,0,0,0,54,
lac,lacri,30,0,0,0,
lacri,lacri,0,0,27,47,
lad,ladru,17,6,0,0,
ladru,ladru,0,0,11,51,
laf,lafti,25,0,0,0,
lafti,lafti,0,0,4,92,
laft,lafti,0,0,0,0,
la'e,lakne,20,2,4,0,
lak,lakse,17,0,0,0,
lakse,lakse,0,0,1,19,
la'u,lalxu,0,0,20,0,
lalxu,lalxu,0,0,0,149,
lam,lamji,55,385,5,0,
la'i,lamji,0,1,141,0,
lamj,lamji,0,0,0,0,
lamji,lamji,0,0,0,159,
lanbi,lanbi,0,0,1,7,
lanci,lanci,0,0,10,110,
lanc,lanci,0,2,0,0,
lanka,lanka,0,0,2,34,
lanli,lanli,0,0,36,56,
lal,lanli,4,26,0,0,
lanl,lanli,0,0,0,0,
lan,lanme,24,0,0,0,
lanme,lanme,0,0,4,30,
lante,lante,0,0,6,32,
lanxe,lanxe,0,0,9,25,
lax,lanxe,1,0,0,0,
laz,lanzu,47,5,0,0,
lanzu,lanzu,0,0,42,241,
lar,larcu,94,9,0,0,
larcu,larcu,2,0,25,82,
larc,larcu,0,0,0,0,
la'a,lasna,17,0,56,0,
lasna,lasna,0,0,1,81,
lasn,lasna,0,0,0,0,
lastu,lastu,0,0,1,12,
la'o,latmo,21,0,10,0,
latna,latna,0,0,3,20,
lazni,lazni,0,0,2,59,
lem,le'e,3,0,0,0,
leb,lebna,391,31,0,0,
le'a,lebna,8,0,124,0,
lebn,lebna,0,0,0,0,
lebna,lebna,0,0,0,297,
len,lenjo,8,0,0,0,
le'o,lenjo,1,0,4,0,
lek,lenku,47,0,0,0,
lenku,lenku,2,0,24,203,
lec,lerci,22,1,0,0,
lerci,lerci,0,0,1,97,
le'u,lerfu,1,0,40,0,
ler,lerfu,29,0,0,0,
lerfu,lerfu,1,0,0,425,
lerf,lerfu,0,0,0,0,
liz,li'i,0,4,7,0,
libjo,libjo,0,0,1,0,
li'e,lidne,32,0,30,0,48
lidn,lidne,0,0,0,0,
lidne,lidne,0,0,0,104,
fri,lifri,27,6,210,0,
lif,lifri,0,0,0,0,
lifri,lifri,0,0,0,363,
jda,lijda,283,28,68,0,
lijda,lijda,0,0,4,167,
lim,limna,7,1,0,0,
limna,limna,0,0,4,88,
lid,lindi,20,0,0,0,
lindi,lindi,0,0,2,23,
li'i,linji,0,2,46,0,
lij,linji,16,0,0,0,
linji,linji,0,0,0,143,
lin,linsi,21,28,0,0,
linsi,linsi,0,0,2,30,
li'o,linto,0,0,1,0,
lisri,lisri,0,0,157,579,
lis,lisri,90,0,0,0,
ste,liste,15,3,1078,0,
list,liste,0,0,0,0,
liste,liste,0,0,0,220,
litce,litce,0,0,3,37,
lik,litki,10,0,0,0,
litki,litki,0,0,7,61,
li'u,litru,19,1,56,0,
litru,litru,0,0,0,475,
livg,livga,9,0,0,0,
livga,livga,0,0,1,6,
livla,livla,0,0,19,20,
lil,livla,0,1,0,0,
lom,lo'e,3,0,0,0,
loj,logji,110,6,0,0,
logji,logji,0,0,54,368,
logj,logji,0,0,0,0,
jbo,lojbo,1843,9,98,0,
lob,lojbo,7,0,0,0,
lojb,lojbo,0,0,0,0,
lojbo,lojbo,0,0,0,1230,
lol,loldi,41,0,0,0,
loi,loldi,5,0,15,0,
lor,lorxu,204,0,0,0,
lo'u,lorxu,8,0,36,0,
lorxu,lorxu,0,0,0,461,
lu'o,lubno,0,0,1,0,
jvo,lujvo,191,6,1004,0,
lujvo,lujvo,0,0,53,5797,
lujv,lujvo,0,0,0,0,
lu'i,lumci,0,0,127,0,
lum,lumci,24,28,0,0,
lumci,lumci,0,0,0,111,
lub,lunbe,5,0,0,0,
lunb,lunbe,0,0,0,0,
lur,lunra,42,0,0,0,
lunra,lunra,0,0,17,240,
lunr,lunra,0,0,0,0,
lunsa,lunsa,0,0,7,5,
mal,mabla,995,19,0,0,
mabla,mabla,0,0,10,289,
mabru,mabru,0,0,45,94,
cnu,macnu,0,0,2,0,
ma'u,makcu,16,7,22,0,
makc,makcu,0,0,0,0,
makcu,makcu,0,0,0,59,
maf,makfa,41,6,0,0,
makfa,makfa,2,0,42,145,
mak,maksi,6,2,0,0,
maksi,maksi,4,0,1,8,
malsi,malsi,0,0,11,75,
mas,malsi,1,4,0,0,
mamta,mamta,0,0,33,756,
mam,mamta,20,2,0,0,
mamt,mamta,0,0,0,0,
manci,manci,10,0,17,73,
mac,manci,10,0,0,0,
manfo,manfo,0,0,4,13,
man,manku,117,4,0,0,
manku,manku,0,0,12,171,
mank,manku,0,0,0,0,
mar,manri,6,4,0,0,
manri,manri,0,0,7,62,
mansa,mansa,0,0,12,108,
mans,mansa,2,0,0,0,
mansi,mansi,0,0,2,0,
mant,manti,11,0,0,0,
manti,manti,0,0,1,53,
mapku,mapku,0,0,9,82,
map,mapku,2,0,0,0,
mat,mapti,54,7,0,0,
mapti,mapti,0,0,30,303,
mapt,mapti,0,0,0,0,
mra,marbi,15,1,8,0,
ma'e,marce,2,23,46,0,
marce,marce,0,0,0,53,
mad,marde,4,9,0,0,
marde,marde,3,0,4,33,
mard,marde,0,0,0,0,
mag,margu,2,0,0,0,
mai,marji,24,0,63,0,
maj,marji,13,0,0,0,
marji,marji,0,0,0,137,
marn,marna,3,0,0,0,
marna,marna,0,0,1,60,
max,marxa,2,0,0,0,
marxa,marxa,0,0,2,12,
sno,masno,38,11,17,0,
masno,masno,0,0,1,155,
masn,masno,0,0,0,0,
ma'i,masti,8,0,30,0,
masti,masti,0,0,18,175,
mast,masti,0,0,0,0,
matci,matci,0,0,2,35,
matl,matli,17,0,0,0,
matne,matne,0,0,4,20,
matr,matra,0,2,0,0,
matra,matra,0,0,1,27,
mav,mavji,11,0,0,0,
mavji,mavji,0,0,1,39,
xri,maxri,4,0,2,0,
mebli,mebli,0,0,4,0,
meb,mebri,30,4,0,0,
mebri,mebri,0,0,23,76,
meg,megdo,32,0,0,0,
megdo,megdo,0,0,4,6,
mei,mei,11,30,21,0,
mem,mei,4,0,0,0,
mek,mekso,2,2,0,0,
me'o,mekso,0,0,1,0,
meks,mekso,0,0,0,0,
mle,melbi,101,9,75,0,
mel,melbi,0,0,0,0,
melbi,melbi,0,0,0,997,
meljo,meljo,0,0,1,2,
men,menli,157,1,0,0,
menli,menli,0,0,3,290,
menl,menli,0,0,0,0,
me'i,mensi,2,1,57,0,
mensi,mensi,0,0,0,206,
me'u,mentu,0,0,5,0,
mentu,mentu,0,0,0,100,
mer,merko,60,1,0,0,
merko,merko,0,0,9,306,
merk,merko,0,0,0,0,
mre,merli,9,0,14,0,
merli,merli,0,0,0,117,
mex,mexco,11,0,0,0,
mexno,mexno,0,0,1,18,
mib,mi,126,0,0,0,
mij,midju,70,13,0,0,
midju,midju,1,0,51,87,
midj,midju,4,4,0,0,
mif,mifra,0,11,0,0,
mifra,mifra,0,0,5,22,
mifr,mifra,0,0,0,0,
mikce,mikce,0,0,77,171,
mic,mikce,40,6,0,0,
mik,mikri,13,0,0,0,
mikri,mikri,0,0,2,4,
mikr,mikri,0,0,0,0,
mil,milti,8,0,0,0,
milti,milti,0,0,2,7,
mli,milxe,172,13,44,0,
milx,milxe,0,8,0,0,
milxe,milxe,0,0,0,461,
mi'e,minde,21,3,68,0,
mid,minde,51,6,0,0,
mind,minde,0,0,0,0,
minde,minde,0,0,0,260,
mi'i,minji,6,44,88,0,
minj,minji,0,0,0,0,
minji,minji,0,0,0,139,
minli,minli,0,0,14,29,
mir,minra,22,16,0,0,
minra,minra,0,0,26,115,
minr,minra,0,0,0,0,
mi'u,mintu,1,1,99,0,17
mit,mintu,85,14,0,0,
mipra,mipra,0,0,2,0,
mip,mipri,114,6,0,0,
mipri,mipri,0,0,40,189,
mipr,mipri,0,0,0,0,
mirli,mirli,0,0,7,17,
mi'o,misno,2,0,18,0,
mis,misno,16,0,0,0,
misno,misno,0,0,0,138,
misro,misro,0,0,1,10,
tre,mitre,64,4,81,0,
mitre,mitre,0,0,3,698,
mitr,mitre,0,0,0,0,
mixra,mixra,0,0,6,0,
xre,mixre,2,0,14,0,
mix,mixre,0,0,0,0,
mixre,mixre,0,0,0,32,
mla,mlana,23,3,42,0,
lat,mlatu,13,2,0,0,
mlatu,mlatu,0,0,1,1928,
mlat,mlatu,0,0,0,0,
me'a,mleca,0,0,30,0,33
mec,mleca,26,1,0,0,
mleca,mleca,0,0,0,184,
led,mledi,6,0,0,0,
mledi,mledi,0,0,6,32,
mluni,mluni,0,0,11,248,
lun,mluni,3,0,0,0,
mob,mo'a,9,0,0,0,
moi,moi,5,15,29,0,
mom,moi,6,0,0,0,
moc,mokca,16,0,0,0,
mokca,mokca,0,0,11,71,
mol,moklu,76,47,0,0,
mo'u,moklu,0,0,4,0,
mlo,molki,0,0,75,0,
mo'o,molro,0,0,2,0,
mo'i,morji,31,7,143,0,
moj,morji,66,0,0,0,
morj,morji,0,0,0,0,
morji,morji,0,0,0,483,
mor,morko,26,1,0,0,
morko,morko,0,0,1,0,
mo'a,morna,0,0,45,0,
mon,morna,32,4,0,0,
morna,morna,0,0,0,78,
mro,morsi,305,13,16,0,
mors,morsi,0,0,0,0,
morsi,morsi,0,0,0,383,
mos,mosra,9,0,0,0,
mosra,mosra,0,0,6,13,
mosr,mosra,0,0,0,0,
mraj,mraji,4,0,0,0,
mraji,mraji,0,0,1,8,
mri,mrilu,100,37,414,0,
mrilu,mrilu,0,0,3,231,
mril,mrilu,0,0,0,0,
mru,mruli,0,0,27,0,
mum,mu,18,0,0,0,
muf,mu'e,0,3,48,0,
mut,mucti,117,3,0,0,
mud,mudri,45,3,0,0,
mudri,mudri,0,0,24,116,
mudr,mudri,0,0,0,0,
mu'i,mukti,0,0,68,0,913
muk,mukti,4,0,0,0,
mukti,mukti,0,0,0,383,
mul,mulno,114,0,0,0,
mu'o,mulno,4,0,29,0,397
mulno,mulno,0,0,0,512,
mu'e,munje,16,36,63,0,
muj,munje,32,6,0,0,
munj,munje,0,0,0,0,
munje,munje,0,0,0,417,
mupli,mupli,0,0,15,208,
mup,mupli,4,4,0,0,
murse,murse,0,0,27,49,
murs,murse,3,0,0,0,
mu'a,murta,0,0,5,0,
mur,murta,2,0,0,0,
murta,murta,0,0,0,9,
mus,muslo,5,0,0,0,
muslo,muslo,0,0,1,23,
tce,mutce,536,25,295,0,
mutce,mutce,6,0,0,1587,
mutc,mutce,0,0,0,0,
mu'u,muvdu,25,2,153,0,
muv,muvdu,68,29,0,0,
muvdu,muvdu,0,0,4,439,
muvd,muvdu,0,0,0,0,
muzga,muzga,0,0,4,19,
muz,muzga,2,0,0,0,
nar,na,143,27,0,0,
nal,na'e,1247,153,0,0,
nabmi,nabmi,0,0,9,223,
nam,nabmi,8,0,0,0,
nak,nakni,38,0,0,0,
nakni,nakni,0,0,4,81,
nakn,nakni,0,0,0,0,
na'i,nalci,4,1,19,0,
nalci,nalci,0,0,0,108,
nac,namcu,70,5,0,0,
na'u,namcu,8,0,36,0,
namcu,namcu,0,0,0,306,
nanba,nanba,0,0,64,76,
nab,nanba,13,0,0,0,
na'a,nanca,20,16,190,0,
nanca,nanca,0,0,0,682,
nanci,nanci,0,0,11,0,
nad,nandu,44,0,0,0,
nandu,nandu,0,0,22,516,
nanla,nanla,0,0,53,216,
nau,nanmu,17,1,152,0,
nanmu,nanmu,0,0,0,3587,
nanvi,nanvi,0,0,2,5,
narge,narge,0,0,18,71,
nag,narge,3,0,0,0,
naj,narju,2,0,0,0,
na'e,natfe,0,3,19,0,
naf,natfe,10,4,0,0,
natfe,natfe,0,0,0,68,
nai,natmi,69,4,38,0,
nat,natmi,2,0,0,0,
natm,natmi,0,0,0,0,
natmi,natmi,0,0,0,103,
navni,navni,0,0,1,11,
xle,naxle,7,0,3,0,
zbi,nazbi,10,0,47,0,
naz,nazbi,1,0,0,0,
nazb,nazbi,0,0,0,0,
nazbi,nazbi,0,0,0,71,
nen,nejni,11,12,0,0,
nejni,nejni,0,0,8,26,
nei,nelci,56,20,365,0,
nel,nelci,17,0,0,0,
nelci,nelci,0,0,12,1386,
nelc,nelci,0,0,0,0,
ner,nenri,359,14,0,0,
ne'i,nenri,3,0,48,0,675
nenr,nenri,0,0,0,0,
nenri,nenri,0,0,0,958,
nil,ni,0,121,132,0,
niz,ni,0,1,41,0,
ni'i,nibli,4,0,27,0,149
nib,nibli,8,0,0,0,
nibli,nibli,2,0,0,337,
cte,nicte,37,0,97,0,
nicte,nicte,0,0,0,216,
ni'e,nilce,0,0,4,0,
nimre,nimre,0,0,7,15,
nim,ninmu,64,7,0,0,
ni'u,ninmu,0,0,37,0,
nirna,nirna,0,0,16,46,
nir,nirna,13,1,0,0,
nitci,nitci,0,0,1,0,
tcu,nitcu,20,0,42,0,
nitc,nitcu,0,0,0,0,
nitcu,nitcu,0,0,0,1590,
nivji,nivji,0,0,2,17,
xli,nixli,14,0,258,0,
nixli,nixli,0,0,0,204,
non,no,14,10,0,0,
nor,no'e,142,3,0,0,
no'e,no'e,3,0,0,0,
nol,nobli,553,21,0,0,
no'i,nobli,0,0,52,0,
nobli,nobli,0,0,0,129,
noi,notci,26,3,77,0,
not,notci,79,0,0,0,
notci,notci,0,0,0,401,
nun,nu,0,456,1966,0,
nup,nupre,24,0,0,0,
nu'e,nupre,0,0,9,0,19
nupr,nupre,0,0,0,0,
nupre,nupre,0,0,0,73,
num,nurma,3,0,0,0,
nurma,nurma,0,0,1,38,
nu'i,nutli,0,0,23,0,
nul,nutli,0,5,0,0,
nutli,nutli,0,0,0,33,
nuzba,nuzba,0,0,21,235,
nuz,nuzba,15,0,0,0,
pav,pa,603,36,4,0,
pa'a,pacna,27,0,22,0,
pacna,pacna,2,0,2,295,
pacn,pacna,0,0,0,0,
pau,pagbu,16,5,107,0,
pag,pagbu,2,0,0,0,
pagb,pagbu,0,0,0,0,
pagbu,pagbu,0,0,0,387,
gre,pagre,65,5,51,0,
pagr,pagre,0,0,0,0,
pagre,pagre,0,0,0,230,
pajne,pajne,0,0,2,0,
pai,pajni,27,2,78,0,
pac,palci,38,0,0,0,
palci,palci,2,0,3,172,
pak,palku,2,0,0,0,
palku,palku,0,0,2,26,
palne,palne,0,0,2,0,
palt,palta,17,0,0,0,
palta,palta,0,0,7,20,
pambe,pambe,0,0,8,15,
pamb,pambe,2,0,0,0,
panci,panci,2,0,58,80,
pan,panci,41,0,0,0,
pandi,pandi,0,0,3,8,
panka,panka,0,0,10,65,
pank,panka,3,0,0,0,
pa'o,panlo,0,0,5,0,
pap,panpi,35,0,0,0,
panpi,panpi,8,0,9,100,
panra,panra,0,0,9,91,
panr,panra,2,0,0,0,
pante,pante,10,0,19,72,
pat,pante,16,0,0,0,
pant,pante,0,0,0,0,
panzi,panzi,0,0,204,257,
paz,panzi,22,0,0,0,
panz,panzi,0,0,0,0,
papri,papri,0,0,35,66,
papr,papri,13,0,0,0,
parbi,parbi,1,0,5,17,
pab,parbi,1,0,0,0,
pas,pastu,8,0,0,0,
pastu,pastu,0,0,1,11,
pa'u,patfu,7,7,66,0,
paf,patfu,32,12,0,0,
patf,patfu,0,0,0,0,
patfu,patfu,0,0,0,368,
patlu,patlu,0,0,1,7,
patxu,patxu,0,0,7,29,
pev,pe'a,142,20,0,0,
ple,pelji,12,6,78,0,
pelj,pelji,0,0,0,0,
pelji,pelji,0,0,0,66,
pel,pelxu,20,0,0,0,
pelxu,pelxu,3,0,10,112,
pelx,pelxu,0,0,0,0,
pelzi,pelzi,0,0,12,0,
pemci,pemci,0,0,127,366,
pem,pemci,94,12,0,0,
pemc,pemci,0,0,0,0,
penbi,penbi,0,0,2,9,
pe'u,pencu,0,0,40,0,
pec,pencu,10,5,0,0,
pencu,pencu,0,0,0,1011,
pe'o,pendo,3,0,103,0,
ped,pendo,40,0,0,0,
pendo,pendo,0,0,26,627,
pend,pendo,0,0,0,0,
pe'i,penmi,116,18,81,0,
pen,penmi,73,5,0,0,
penm,penmi,0,0,0,0,
penmi,penmi,0,0,0,481,
pei,pensi,51,26,123,0,
pes,pensi,20,0,0,0,
pensi,pensi,0,0,8,738,
pens,pensi,1,0,0,0,
per,perli,12,0,0,0,
perli,perli,0,0,1,28,
pex,pesxu,6,5,0,0,
pesxu,pesxu,0,0,2,5,
petso,petso,0,0,2,0,
pet,petso,1,0,0,0,
pezli,pezli,0,0,72,109,
pez,pezli,38,0,0,0,
piz,pi,2,0,0,0,
pic,picti,1,1,0,0,
picti,picti,0,0,2,0,
pijne,pijne,0,0,6,29,
pijn,pijne,0,3,0,0,
pikci,pikci,0,0,4,24,
pikta,pikta,0,0,9,51,
pi'i,pilji,0,0,75,0,
pi'a,pilka,0,0,34,0,
pil,pilka,10,2,0,0,
pilka,pilka,0,0,0,30,
pli,pilno,124,51,666,0,
pilno,pilno,0,0,2,1848,
pi'u,pimlu,0,0,21,0,
pim,pimlu,5,0,0,0,
pinc,pinca,5,0,0,0,
pinca,pinca,0,0,1,19,
pid,pindi,24,0,0,0,
pindi,pindi,0,0,5,53,
pif,pinfu,32,0,0,0,
pinfu,pinfu,0,0,2,60,
pinji,pinji,0,0,7,66,
pinj,pinji,3,0,0,0,
pinka,pinka,0,0,24,340,
pik,pinka,4,0,0,0,
pink,pinka,0,0,0,0,
pinsi,pinsi,0,0,4,38,
pin,pinta,15,1,0,0,
pinta,pinta,0,0,1,20,
pinxe,pinxe,0,0,129,645,
pix,pinxe,16,1,0,0,
pi'o,pipno,17,2,30,0,
xra,pixra,41,20,76,0,
pir,pixra,0,3,0,0,
pixr,pixra,0,0,0,0,
pixra,pixra,0,0,0,314,
plana,plana,0,0,16,178,
plan,plana,4,0,0,0,
pla,platu,20,12,225,0,
platu,platu,0,0,0,93,
lej,pleji,51,1,0,0,
le'i,pleji,4,0,43,0,
plej,pleji,0,0,0,0,
pleji,pleji,0,0,0,184,
pib,plibu,2,0,0,0,
plibu,plibu,0,0,1,19,
plini,plini,0,0,66,274,
plin,plini,2,2,0,0,
pi'e,plipe,12,14,26,0,
pip,plipe,40,4,0,0,
plis,plise,5,0,0,0,
plise,plise,0,0,1,1126,
pit,plita,19,1,0,0,
plita,plita,0,0,10,30,
plixa,plixa,0,0,36,24,
luj,pluja,87,0,0,0,
pluja,pluja,0,0,13,144,
pluj,pluja,0,0,0,0,
pu'a,pluka,2,0,61,0,16
puk,pluka,6,2,0,0,
pluk,pluka,0,0,0,0,
pluka,pluka,0,0,0,368,
lu'a,pluta,0,32,25,0,
lut,pluta,5,0,0,0,
plut,pluta,0,0,0,0,
pluta,pluta,0,0,0,283,
plo,polje,18,1,8,0,
pol,polno,2,0,0,0,
polno,polno,0,0,1,0,
pon,ponjo,23,0,0,0,
po'o,ponjo,0,0,1,0,
po'e,ponse,29,12,184,0,
pos,ponse,25,6,0,0,
pons,ponse,0,0,0,0,
ponse,ponse,0,0,0,831,
pop,porpi,72,25,0,0,
po'i,porpi,1,0,11,0,
porp,porpi,0,0,0,0,
porpi,porpi,0,0,0,184,
poi,porsi,11,83,158,0,
por,porsi,52,1,0,0,
porsi,porsi,0,0,0,130,
pot,porto,1,0,0,0,
porto,porto,0,0,1,32,
pal,prali,16,0,0,0,
prali,prali,0,0,12,36,
pam,prami,122,14,3,0,
pa'i,prami,12,0,66,0,
prami,prami,0,0,4,1003,
pa'e,prane,10,0,9,0,
pran,prane,0,0,0,0,
prane,prane,0,0,0,130,
pej,preja,16,1,0,0,
pe'a,preja,0,0,10,0,
prej,preja,0,0,0,0,
preja,preja,0,0,0,33,
pre,prenu,103,23,838,0,
pren,prenu,0,0,0,0,
prenu,prenu,0,0,0,3856,
rei,preti,25,0,54,0,
ret,preti,5,0,0,0,
pret,preti,0,0,0,0,
preti,preti,0,0,0,544,
pij,prije,83,4,0,0,
prije,prije,8,0,4,137,
prij,prije,0,0,0,0,
pri,prina,20,0,6,0,
prin,prina,0,0,0,0,
prina,prina,0,0,0,73,
prit,pritu,10,0,0,0,
pritu,pritu,0,0,4,119,
ro'a,prosa,0,0,64,0,
ros,prosa,4,0,0,0,
pros,prosa,0,0,0,0,
prosa,prosa,0,0,0,98,
ru'e,pruce,4,1,22,0,
pruc,pruce,0,0,0,0,
pruce,pruce,0,0,0,131,
pun,pruni,2,9,0,0,
rux,pruxi,76,20,0,0,
ru'i,pruxi,4,0,66,0,
prux,pruxi,0,0,0,0,
pruxi,pruxi,0,0,0,128,
pus,pu'i,2,0,0,0,
puv,pu'u,0,0,16,0,
pu'e,pulce,5,0,4,0,
puc,pulce,0,0,0,0,
pulj,pulji,10,0,0,0,
pulji,pulji,0,0,9,81,
pulni,pulni,0,0,2,0,
pu'i,punji,0,0,123,0,
punji,punji,0,0,0,207,
pul,punli,5,0,0,0,
punli,punli,0,0,5,10,
pru,purci,358,10,30,0,
pur,purci,8,0,0,0,
purci,purci,3,0,0,265,
purdi,purdi,0,0,29,60,
pud,purdi,15,0,0,0,
pu'o,purmo,0,0,42,0,
racli,racli,2,0,22,136,
racl,racli,0,1,0,0,
ractu,ractu,0,0,36,90,
ra'o,radno,0,0,10,0,
raf,rafsi,44,8,0,0,
rafsi,rafsi,0,0,36,2398,
rafs,rafsi,0,0,0,0,
rav,ragve,10,0,0,0,
ragve,ragve,2,0,6,56,
raks,rakso,6,0,0,0,
rakso,rakso,0,0,1,6,
ra'u,raktu,3,1,37,0,
raktu,raktu,0,0,0,93,
rac,ralci,2,2,0,0,
ralci,ralci,0,0,1,34,
ral,ralju,53,4,0,0,
ralju,ralju,0,0,15,387,
ra'e,ralte,1,0,18,0,
ralte,ralte,0,0,0,49,
rad,randa,11,0,0,0,
randa,randa,0,0,3,32,
rango,rango,0,0,18,24,
rag,rango,3,5,0,0,
rang,rango,0,0,0,0,
ra'i,ranji,29,2,30,0,
ranj,ranji,0,0,0,0,
ranji,ranji,0,0,0,221,
ram,ranmi,31,11,0,0,
ranmi,ranmi,0,0,11,51,
ransu,ransu,0,0,1,4,
ran,ranti,54,0,0,0,
ranti,ranti,0,0,5,49,
rax,ranxi,8,0,0,0,
ranxi,ranxi,0,0,2,57,
rap,rapli,129,3,0,0,
rapli,rapli,0,0,8,114,
rapl,rapli,0,0,0,0,
rar,rarna,103,5,0,0,
rarna,rarna,0,0,31,104,
rarn,rarna,0,0,0,0,
ratcu,ratcu,0,0,34,114,
rat,ratni,25,5,0,0,
ratni,ratni,0,0,2,46,
rel,re,191,14,0,0,
rebla,rebla,0,0,2,78,
re'u,rectu,0,4,18,0,
rec,rectu,12,4,0,0,
rem,remna,113,13,0,0,
re'a,remna,27,1,32,0,
remn,remna,0,0,0,0,
remna,remna,0,0,0,3251,
re'o,renro,0,0,18,0,
rer,renro,9,1,1,0,
renro,renro,0,0,2,202,
re'i,renvi,7,0,10,0,
renvi,renvi,0,0,0,70,
rev,renvi,0,0,0,0,
res,respa,131,1,0,0,
respa,respa,0,0,86,78,
resp,respa,0,0,0,0,
cfu,ricfu,15,0,30,0,
ricfu,ricfu,0,0,12,86,
rif,ricfu,0,0,0,0,
rigna,rigna,0,0,2,0,
rig,rigni,27,1,0,0,
rigni,rigni,0,0,10,44,
rij,rijno,4,0,0,0,
rijno,rijno,0,0,3,24,
rijn,rijno,0,0,0,0,
ril,rilti,1,0,0,0,
rilti,rilti,0,0,1,14,
rilt,rilti,0,0,0,0,
rimni,rimni,0,0,45,66,
rim,rimni,4,0,0,0,
rimn,rimni,0,0,0,0,
rinci,rinci,0,0,5,6,
ri'u,rinju,15,0,25,0,
rinju,rinju,0,0,0,50,
ri'a,rinka,0,8,847,0,301
rik,rinka,8,12,0,0,
rink,rinka,0,0,0,0,
rinka,rinka,0,0,0,659,
rins,rinsa,4,0,0,0,
rinsa,rinsa,0,0,4,191,
rirc,rirci,2,0,0,0,
rirci,rirci,0,0,2,49,
rirni,rirni,0,0,71,157,
rir,rirni,57,8,0,0,
rirn,rirni,0,0,0,0,
ri'e,rirxe,18,0,32,0,
rirx,rirxe,0,0,0,0,
ris,rismi,22,4,0,0,
rism,rismi,0,4,0,0,
rismi,rismi,0,0,1,116,
risn,risna,2,3,0,0,
risna,risna,0,0,1,76,
ri'i,ritli,11,11,73,0,
ritl,ritli,0,0,0,0,
ritli,ritli,0,0,0,91,
riv,rivbi,4,5,4,0,
rivbi,rivbi,0,0,7,120,
rol,ro,270,13,0,0,
roi,roi,3,8,50,0,
rom,roi,6,0,0,0,
ro'i,rokci,8,1,98,0,
rok,rokci,53,4,0,0,
rokc,rokci,0,0,0,0,
rokci,rokci,0,0,0,378,
romge,romge,0,0,1,4,
ro'o,ropno,0,0,31,0,
ron,ropno,8,0,0,0,
ropn,ropno,0,0,0,0,
ropno,ropno,0,0,0,80,
ror,rorci,14,24,0,0,
rorci,rorci,0,0,8,595,
tsu,rotsu,18,2,6,0,
ro'u,rotsu,0,0,12,0,
rot,rotsu,0,0,0,0,
zgu,rozgu,7,0,5,0,
roz,rozgu,0,0,0,0,
rozg,rozgu,0,0,0,0,
ble,ruble,52,19,79,0,
rub,ruble,0,0,0,0,
rufsu,rufsu,0,0,4,42,
ruf,rufsu,2,0,0,0,
rum,runme,27,0,0,0,
runme,runme,0,0,2,19,
runta,runta,0,0,11,34,
runt,runta,3,6,0,0,
ru'u,rupnu,0,0,112,0,
rupnu,rupnu,0,0,0,113,
ruk,rusko,21,0,0,0,
ru'o,rusko,0,0,1,0,
run,rutni,51,0,0,0,
rutni,rutni,0,0,1,54,
sab,sabji,1,6,1,0,
sabji,sabji,0,0,4,51,
sabnu,sabnu,0,0,1,1,
sacki,sacki,0,0,7,6,
saclu,saclu,0,0,2,2,
djo,sadjo,0,0,22,0,
sak,sakci,33,1,0,0,
sakci,sakci,0,0,5,28,
sakc,sakci,0,0,0,0,
sal,sakli,39,6,0,0,
sakli,sakli,0,0,9,64,
sakl,sakli,0,0,0,0,
sat,sakta,18,0,0,0,
sakta,sakta,0,0,18,57,
sakt,sakta,0,0,0,0,
sla,salci,150,41,63,0,
salc,salci,0,0,0,0,
salci,salci,0,0,0,107,
sa'o,salpo,9,0,9,0,
salp,salpo,0,0,0,0,
salpo,salpo,0,0,0,48,
salta,salta,0,0,1,15,
samcu,samcu,0,0,1,8,
sap,sampu,60,2,0,0,
sampu,sampu,0,0,6,117,
samp,sampu,0,0,0,0,
sna,sance,102,34,135,0,
sanc,sance,0,0,0,0,
sance,sance,0,0,0,280,
sa'a,sanga,20,6,111,0,
sag,sanga,6,2,0,0,
sanga,sanga,0,0,5,225,
sang,sanga,0,0,0,0,
saj,sanji,15,7,0,0,
sanji,sanji,0,0,21,193,
sanj,sanji,0,0,0,0,
sa'i,sanli,6,4,7,0,
sanl,sanli,0,0,0,0,
sai,sanmi,24,24,55,0,
sanmi,sanmi,0,0,4,72,
sanso,sanso,0,0,2,6,
sant,santa,14,8,0,0,
santa,santa,0,0,12,283,
sa'u,sarcu,25,0,51,0,
sarcu,sarcu,0,0,3,427,
sarc,sarcu,0,0,0,0,
sra,sarji,149,5,16,0,
sarji,sarji,0,0,0,2469,
sarlu,sarlu,0,0,2,32,
sarl,sarlu,1,0,0,0,
sarxe,sarxe,0,0,27,51,
sax,sarxe,3,4,0,0,
ske,saske,57,7,491,0,
saske,saske,0,0,0,155,
satci,satci,0,0,52,200,
satc,satci,20,2,0,0,
sa'e,satre,3,10,43,0,
satre,satre,0,0,5,40,
vru,savru,47,1,35,0,
sav,savru,0,2,0,0,
savru,savru,0,0,0,133,
sazri,sazri,0,0,53,89,
saz,sazri,10,0,0,0,
sazr,sazri,0,0,0,0,
sbepi,sbepi,0,0,1,0,
sel,se,11903,1675,17,0,
sfe,sefta,16,6,70,0,
sle,selci,13,40,126,0,
selci,selci,0,0,0,226,
se'u,selfu,2,0,128,0,
sef,selfu,3,0,0,0,
selfu,selfu,0,0,0,99,
selpa,selpa,0,0,8,0,
sme,semto,0,0,1,0,
senci,senci,0,0,11,30,
sen,senpi,50,0,0,0,
senpi,senpi,0,0,28,171,
set,senta,3,63,2,0,
senta,senta,0,0,35,16,
sent,senta,0,0,0,0,
sne,senva,117,7,65,0,
senva,senva,0,0,0,217,
sev,senva,0,0,0,0,
sei,sepli,66,0,71,0,
sep,sepli,42,0,0,0,
sepl,sepli,0,0,0,0,
sepli,sepli,0,0,0,139,
ser,serti,96,0,0,0,
serti,serti,0,0,9,195,
se'a,setca,2,0,33,0,
setca,setca,0,0,0,143,
sez,sevzi,224,12,0,0,
se'i,sevzi,93,2,42,0,68
sevz,sevzi,0,0,0,0,
sevzi,sevzi,0,0,0,76,
sfani,sfani,0,0,3,67,
sfa,sfasa,33,2,61,0,
sfasa,sfasa,0,0,0,47,
su'u,sfubu,2,0,2,0,
sub,sfubu,0,0,0,0,
siz,si'o,0,2,58,0,
sil,siclu,9,3,0,0,
siclu,siclu,0,0,7,34,
sicl,siclu,0,0,0,0,
si'i,sicni,0,0,21,0,
sicni,sicni,0,0,0,115,
si'o,sidbo,0,9,23,0,475
sib,sidbo,25,2,0,0,
sidb,sidbo,0,0,0,0,
dju,sidju,54,65,28,0,
sidju,sidju,0,0,0,316,
sig,sigja,40,0,0,0,
sigja,sigja,0,0,10,28,
silka,silka,0,0,5,21,
sik,silka,2,0,0,0,
siln,silna,8,0,0,0,
silna,silna,0,0,2,33,
mlu,simlu,18,4,62,0,
smi,simsa,37,4,80,0,
simsa,simsa,0,0,0,853,
sim,simxu,369,10,0,0,
si'u,simxu,14,0,122,0,
simxu,simxu,0,0,0,345,
sinc,since,5,0,0,0,
since,since,0,0,4,1960,
si'a,sinma,67,7,58,0,
sinm,sinma,0,0,0,0,
sinma,sinma,0,0,0,83,
sinso,sinso,0,0,2,15,
sni,sinxa,40,15,107,0,
sinx,sinxa,0,0,0,0,
sinxa,sinxa,0,0,0,504,
sip,sipna,61,0,0,0,
sipna,sipna,0,0,22,537,
sipn,sipna,0,0,0,0,
sir,sirji,7,14,0,0,
sirji,sirji,0,0,13,98,
sirxo,sirxo,0,0,1,4,
siska,siska,1,0,0,0,
sis,sisku,48,7,0,0,
sisku,sisku,1,0,17,590,
sisk,sisku,0,0,0,0,
siste,siste,0,0,2,0,
sti,sisti,59,10,101,0,
sisti,sisti,0,0,0,209,
sitna,sitna,7,0,22,56,
sit,sitna,3,0,0,0,
siv,sivni,14,0,0,0,
sivni,sivni,0,0,7,20,
skaci,skaci,0,0,3,11,
sam,skami,440,13,0,0,
skami,skami,0,0,6,750,
skam,skami,0,0,0,0,
skapi,skapi,0,0,40,75,
kap,skapi,33,0,0,0,
skap,skapi,0,0,0,0,
ska,skari,34,0,105,0,
skari,skari,0,0,0,431,
ski,skicu,36,12,220,0,
skicu,skicu,0,0,2,497,
skic,skicu,0,0,0,0,
sij,skiji,2,1,0,0,
skiji,skiji,0,0,2,5,
kin,skina,22,5,0,0,
skina,skina,0,0,9,105,
sko,skori,10,8,12,0,
skori,skori,0,0,0,15,
kot,skoto,52,13,0,0,
ko'o,skoto,0,13,14,0,
ku'o,skuro,0,4,1,0,
sau,slabu,56,46,107,0,
slab,slabu,0,0,0,0,
slabu,slabu,0,0,0,445,
slaka,slaka,0,0,3,49,
slak,slaka,0,1,0,0,
slami,slami,0,0,5,7,
slanu,slanu,0,0,4,10,
sar,slari,10,0,0,0,
slari,slari,0,0,1,15,
las,slasi,1,0,0,0,
slasi,slasi,0,0,1,19,
lig,sligu,5,12,0,0,
sligu,sligu,0,0,3,31,
slig,sligu,0,0,0,0,
sli,slilu,37,10,59,0,
slil,slilu,0,0,0,0,
lo'o,slovo,0,0,1,0,
slu,sluji,26,0,2,0,
slun,sluni,1,0,0,0,
sluni,sluni,0,0,1,18,
smacu,smacu,0,0,4,188,
smac,smacu,2,0,0,0,
smad,smadi,3,30,0,0,
smadi,smadi,0,0,33,235,
sma,smaji,75,1,19,0,
smaj,smaji,0,0,0,0,
smaji,smaji,0,0,0,210,
sman,smani,4,0,0,0,
smani,smani,0,0,1,27,
smo,smoka,0,0,3,0,
muc,smuci,11,0,0,0,
smuci,smuci,0,0,2,13,
smune,smune,0,0,2,0,
smu,smuni,76,11,263,0,
mun,smuni,0,2,0,0,
smun,smuni,0,0,0,0,
smuni,smuni,0,0,0,1119,
snada,snada,2,0,54,430,
sad,snada,15,0,0,0,
snad,snada,0,0,0,0,
nan,snanu,27,13,0,0,
snanu,snanu,0,0,2,87,
snan,snanu,0,0,0,0,
nid,snidu,13,8,0,0,
snidu,snidu,0,0,4,33,
si'e,snime,16,0,0,0,
snipa,snipa,0,0,18,17,
nip,snipa,14,0,0,0,
snuji,snuji,0,0,12,73,
nuj,snuji,6,0,0,0,
nur,snura,46,6,0,0,
nu'a,snura,1,0,1,0,
snura,snura,0,0,0,97,
nut,snuti,5,0,0,0,
snuti,snuti,0,0,4,56,
soz,so,3,1,0,0,
soj,so'a,3,0,0,0,
sop,so'e,4,0,0,0,
sor,so'i,89,0,0,0,
so'i,so'i,17,0,3,0,
sos,so'o,21,1,0,0,
sot,so'u,1,0,0,0,
so'e,sobde,28,0,3,0,
sodna,sodna,0,0,1,8,
sodva,sodva,0,0,1,22,
sof,softo,2,0,0,0,
softo,softo,0,0,2,21,
slo,solji,8,2,2,0,
sol,solri,115,11,0,0,
solri,solri,0,0,4,310,
solr,solri,0,0,0,0,
som,sombo,39,1,0,0,
so'o,sombo,7,0,2,0,
soi,sonci,30,1,47,0,
son,sonci,8,0,0,0,
sonci,sonci,0,0,0,119,
sro,sorcu,13,11,79,0,
so'u,sorcu,0,0,15,0,
sorcu,sorcu,0,0,0,72,
sorgu,sorgu,0,0,1,11,
so'a,sovda,0,3,38,0,
sov,sovda,2,0,0,0,
paj,spaji,47,40,0,0,
spaji,spaji,0,0,12,115,
spaj,spaji,0,0,0,0,
spali,spali,0,0,5,27,
san,spano,138,2,0,0,
spano,spano,0,0,7,75,
span,spano,0,0,0,0,
spa,spati,34,1,21,0,
spati,spati,0,0,0,104,
spena,spena,0,0,4,0,
spe,speni,127,6,154,0,
speni,speni,0,0,0,387,
spi,spisa,10,0,53,0,
spita,spita,0,0,4,16,
pof,spofu,10,0,0,0,
po'u,spofu,0,2,1,0,
spof,spofu,0,0,0,0,
poj,spoja,11,2,0,0,
po'a,spoja,1,4,5,0,
spoj,spoja,0,0,0,0,
spu,spuda,100,0,70,0,
spuda,spuda,0,0,0,600,
pu'u,sputu,0,0,13,0,
raj,sraji,119,7,0,0,
sraji,sraji,0,0,2,52,
rak,sraku,18,0,0,0,
sraku,sraku,0,0,1,22,
srak,sraku,0,0,0,0,
sral,sralo,8,0,0,0,
sralo,sralo,0,0,1,73,
ra'a,srana,5,0,39,0,59
srana,srana,0,0,0,251,
sas,srasu,57,0,0,0,
srasu,srasu,0,0,15,101,
sre,srera,28,0,33,0,
srer,srera,0,0,0,0,
srera,srera,0,0,0,485,
srito,srito,0,0,1,0,
ru'a,sruma,0,0,34,0,124
sruma,sruma,0,0,0,64,
sru,sruri,16,13,26,0,
sac,stace,20,3,0,0,
stace,stace,2,0,6,43,
stac,stace,0,0,0,0,
stagi,stagi,0,0,9,29,
stag,stagi,4,0,0,0,
tak,staku,5,0,0,0,
staku,staku,0,0,3,9,
sta,stali,27,4,41,0,
stal,stali,0,0,0,0,
stani,stani,0,0,5,28,
stan,stani,2,0,0,0,
stapa,stapa,5,0,5,76,
tap,stapa,7,0,0,0,
stasu,stasu,0,0,1,15,
stati,stati,0,0,1,33,
steba,steba,0,0,7,134,
te'i,steci,8,5,28,0,
tec,steci,5,0,0,0,
steci,steci,0,0,0,157,
stedu,stedu,0,0,53,995,
sed,stedu,30,3,0,0,
tel,stela,9,2,0,0,
stela,stela,0,0,2,16,
te'o,stero,0,0,3,0,
stero,stero,0,0,0,7,
sic,stici,28,5,0,0,
stici,stici,0,0,16,127,
stic,stici,0,0,0,0,
ti'i,stidi,41,26,113,0,35
sid,stidi,22,0,0,0,
stid,stidi,0,0,0,0,
stidi,stidi,0,0,0,405,
stidu,stidu,0,0,1,0,
tik,stika,1,4,0,0,
stika,stika,0,0,4,53,
stizu,stizu,0,0,21,351,
tiz,stizu,2,0,0,0,
sto,stodi,13,5,55,0,
stodi,stodi,0,0,0,88,
sun,stuna,53,0,0,0,
stuna,stuna,0,0,29,116,
stun,stuna,0,0,0,0,
tur,stura,16,47,0,0,
su'a,stura,0,0,43,0,
stura,stura,0,0,0,100,
stu,stuzi,97,10,240,0,
tuz,stuzi,0,0,0,0,
suz,su'o,4,1,0,0,
suv,su'u,0,0,3,0,
sucta,sucta,52,0,11,103,
suc,sucta,9,0,0,0,
sud,sudga,135,2,0,0,
sudga,sudga,0,0,1,69,
sfu,sufti,0,0,1,0,
suk,suksa,30,0,0,0,
suksa,suksa,0,0,14,120,
sumji,sumji,0,0,31,42,
sumne,sumne,0,0,5,90,
sumn,sumne,1,0,0,0,
su'i,sumti,34,0,247,0,
sum,sumti,92,8,4,0,
sumt,sumti,0,0,0,0,
sumti,sumti,0,0,0,8740,
sunga,sunga,0,0,1,53,
sul,sunla,12,0,0,0,
sunla,sunla,0,0,1,20,
sur,surla,29,6,0,0,
surla,surla,0,0,1,120,
surl,surla,0,0,0,0,
sut,sutra,95,14,0,0,
sutra,sutra,0,0,14,613,
sutr,sutra,0,0,0,0,
taz,ta,1,0,0,0,
tab,tabno,17,0,0,0,
tabn,tabno,0,0,0,0,
tabra,tabra,0,0,1,16,
tadja,tadja,0,0,4,0,
tadji,tadji,0,0,81,281,
tadj,tadji,8,0,0,0,
tadni,tadni,7,0,150,548,
tad,tadni,83,0,0,0,
tadn,tadni,0,0,0,0,
tag,tagji,5,0,0,0,
tagji,tagji,0,0,3,37,
tal,talsa,4,5,0,0,
talsa,talsa,1,0,3,44,
tamburo,tamburo,0,0,0,0,
tamc,tamca,2,0,0,0,
tamca,tamca,0,0,1,27,
taj,tamji,15,1,0,0,
tamji,tamji,0,0,7,33,
tamj,tamji,0,0,0,0,
tamne,tamne,0,0,15,35,
tamn,tamne,0,1,0,0,
ta'o,tanbo,3,2,35,0,
tac,tance,22,0,0,0,
tance,tance,0,0,4,88,
tanjo,tanjo,0,0,1,8,
tanka,tanka,0,0,5,0,
tank,tanko,24,0,0,0,
tanko,tanko,0,0,1,20,
tau,tanru,39,1,233,0,
tanru,tanru,0,0,1,2709,
tanr,tanru,0,0,0,0,
tansi,tansi,0,0,2,9,
ta'e,tanxe,0,0,16,0,
tax,tanxe,9,0,0,0,
tanxe,tanxe,0,0,1,1860,
tanx,tanxe,0,0,0,0,
tapla,tapla,0,0,7,47,
tapl,tapla,1,0,0,0,
tarb,tarbi,2,0,0,0,
tarbi,tarbi,0,0,2,39,
tar,tarci,31,0,0,0,
tarci,tarci,0,0,7,233,
tarla,tarla,0,0,1,18,
tai,tarmi,13,12,211,0,
tam,tarmi,17,0,0,0,
tarm,tarmi,0,0,0,0,
tarmi,tarmi,0,0,0,191,
tra,tarti,47,14,245,0,
tarti,tarti,0,0,0,100,
taske,taske,0,0,1,25,
ta'i,tatpi,11,0,23,0,
tatpi,tatpi,0,0,0,158,
tat,tatru,41,0,0,0,
tatru,tatru,0,0,1,15,
tatr,tatru,0,0,0,0,
ta'a,tavla,41,38,417,0,59
tav,tavla,71,2,0,0,
tavla,tavla,0,0,8,2406,
tavl,tavla,0,6,0,0,
ta'u,taxfu,38,0,78,0,
taf,taxfu,37,5,0,0,
taxfu,taxfu,0,0,0,142,
cac,tcaci,45,2,0,0,
tcaci,tcaci,0,0,5,126,
tcac,tcaci,0,0,0,0,
tca,tcadu,66,2,42,0,
tcadu,tcadu,0,0,0,377,
tcana,tcana,0,0,20,46,
tcati,tcati,0,0,25,373,
tcat,tcati,16,0,0,0,
tcena,tcena,4,0,4,35,
ten,tcena,3,3,0,0,
tic,tcica,43,18,0,0,
tcica,tcica,12,0,37,82,
tcic,tcica,0,2,0,0,
tcidu,tcidu,34,0,80,1076,
tid,tcidu,24,2,0,0,
tcid,tcidu,0,1,0,0,
tcika,tcika,0,0,12,191,
tcik,tcika,3,0,0,0,
til,tcila,34,7,0,0,
tcila,tcila,0,0,6,94,
tcil,tcila,0,0,0,0,
ti'a,tcima,0,0,66,0,
tim,tcima,2,0,0,0,
tcima,tcima,0,0,0,126,
tcin,tcini,6,0,0,0,
tcini,tcini,0,0,3,101,
tcita,tcita,0,0,86,651,
tcit,tcita,14,1,0,0,
ter,te,2707,459,10,0,
tei,temci,42,27,168,0,
tem,temci,49,4,0,0,
temci,temci,0,0,9,662,
temc,temci,0,0,0,0,
tenfa,tenfa,0,0,2,18,
teg,tengu,2,0,0,0,
te'u,tengu,0,0,1,0,
ted,terdi,54,11,0,0,
terdi,terdi,0,0,16,404,
tep,terpa,71,12,0,0,
te'a,terpa,16,4,51,0,
terpa,terpa,0,0,0,273,
terto,terto,0,0,2,1,
tif,ti,5,0,0,0,
tigni,tigni,0,0,35,63,
tig,tigni,15,4,0,0,
tign,tigni,0,0,0,0,
tip,tikpa,106,37,0,0,
tikpa,tikpa,0,0,11,117,
tikp,tikpa,0,0,0,0,
tilju,tilju,0,0,1,59,
tinbe,tinbe,0,0,18,57,
tib,tinbe,3,0,0,0,
tins,tinsa,7,0,0,0,
tinsa,tinsa,0,0,7,64,
tin,tirna,50,3,0,0,
tirna,tirna,8,0,22,368,
tirse,tirse,0,0,3,11,
tirxu,tirxu,0,0,4,34,
tis,tisna,25,8,0,0,
tisna,tisna,0,0,12,52,
tit,titla,53,13,0,0,
titla,titla,0,0,2,43,
tiv,tivni,8,0,0,0,
tivni,tivni,0,0,8,51,
tivn,tivni,0,0,0,0,
ti'u,tixnu,0,0,74,0,
tix,tixnu,2,0,0,0,
tol,to'e,1469,34,0,0,
to'e,to'e,11,0,0,0,
tok,toknu,13,19,0,0,
toknu,toknu,0,0,3,408,
tod,toldi,4,0,0,0,
toldi,toldi,0,0,2,140,
to'a,tonga,13,9,12,0,
tog,tonga,15,0,0,0,
tong,tonga,0,0,0,0,
tor,tordu,66,1,0,0,
to'u,tordu,3,0,24,0,46
tordu,tordu,0,0,0,139,
ton,torni,8,0,0,0,
to'i,torni,0,0,3,0,
rai,traji,24,493,555,0,69
traji,traji,0,0,0,525,
tran,trano,1,0,0,0,
trat,trati,2,0,0,0,
trati,trati,0,0,1,37,
re'e,trene,0,4,28,0,
ren,trene,8,4,0,0,
trene,trene,0,0,0,37,
ric,tricu,182,5,2,0,
tricu,tricu,0,0,28,342,
tric,tricu,5,0,0,0,
tri,trina,43,8,29,0,
trina,trina,0,0,0,107,
ti'e,trixe,0,0,42,0,
rix,trixe,22,0,0,0,
trix,trixe,0,0,0,0,
trixe,trixe,0,0,0,108,
toi,troci,25,113,107,0,
roc,troci,2,5,0,0,
toc,troci,7,0,0,0,
troc,troci,0,0,0,0,
troci,troci,0,0,0,1055,
tsa,tsali,50,4,13,0,
tsali,tsali,0,0,0,309,
tan,tsani,22,1,0,0,
tsani,tsani,0,0,11,162,
tsan,tsani,0,0,0,0,
tsap,tsapi,3,0,0,0,
tsapi,tsapi,0,0,3,10,
tsi,tsiju,19,0,44,0,
sin,tsina,6,0,0,0,
tsina,tsina,0,0,3,6,
tu'u,tubnu,7,9,62,0,
tubnu,tubnu,0,0,0,47,
tu'i,tugni,11,0,67,0,
tug,tugni,2,4,4,0,
tugni,tugni,0,0,1,431,
tujli,tujli,0,0,1,27,
tu'a,tumla,4,0,87,0,
tum,tumla,24,2,0,0,
tumla,tumla,0,0,0,76,
tub,tunba,38,3,0,0,
tunba,tunba,0,0,12,15,
tunb,tunba,0,0,0,0,
tuk,tunka,16,0,0,0,
tu'o,tunlo,0,0,20,0,
tul,tunlo,10,4,0,0,
tun,tunta,66,4,0,0,
tunta,tunta,0,0,11,27,
tu'e,tuple,0,0,33,0,
tup,tuple,11,7,0,0,
tuple,tuple,0,0,0,653,
tru,turni,148,11,371,0,
turn,turni,0,0,0,0,
turni,turni,0,0,0,348,
tci,tutci,10,8,159,0,
tutra,tutra,0,0,46,37,
tut,tutra,4,8,0,0,
vaz,va,5,0,0,0,
var,vacri,62,0,0,0,
vacri,vacri,0,0,7,151,
vai,vajni,35,28,93,0,
vaj,vajni,34,0,0,0,
vajni,vajni,2,0,0,431,
vajn,vajni,0,0,0,0,
vla,valsi,282,50,2656,0,
val,valsi,4,0,0,0,
vals,valsi,0,0,0,0,
valsi,valsi,0,0,0,1332,
va'i,vamji,0,0,23,0,
vam,vamji,3,0,0,0,
vamji,vamji,0,0,0,96,
vat,vamtu,12,0,0,0,
vamtu,vamtu,0,0,3,18,
vanbi,vanbi,0,0,14,102,
vac,vanci,11,0,0,0,
vanci,vanci,0,0,7,99,
vanc,vanci,0,0,0,0,
van,vanju,38,0,0,0,
vanju,vanju,0,0,6,32,
vau,vasru,3,1,89,0,
vas,vasru,3,3,0,0,
vasru,vasru,0,0,0,375,
va'u,vasxu,10,5,53,0,
vax,vasxu,35,2,0,0,
vasx,vasxu,0,0,0,0,
vasxu,vasxu,0,0,0,54,
vel,ve,917,76,1,0,
ve'u,vecnu,2,0,115,0,
ven,vecnu,67,12,0,0,
vecnu,vecnu,0,0,16,347,
velma,velma,0,0,0,0,
vef,venfu,54,0,0,0,
venfu,venfu,0,0,3,49,
ves,vensa,14,2,0,0,
vensa,vensa,0,0,2,28,
vens,vensa,0,0,0,0,
ver,verba,33,3,0,0,
ve'a,verba,0,0,12,0,
verba,verba,0,0,0,468,
viz,vi,41,5,4,0,
vib,vibna,11,0,0,0,
vibna,vibna,0,0,1,16,
vidn,vidni,46,0,0,0,
vidni,vidni,0,0,5,97,
vir,vidru,5,0,0,0,
vidru,vidru,0,0,2,7,
vifne,vifne,0,0,4,23,
vif,vifne,2,0,0,0,
vi'i,vikmi,0,0,20,0,
vim,vikmi,12,0,0,0,
vik,viknu,6,5,0,0,
viknu,viknu,0,0,4,14,
vi'u,vimcu,0,0,94,0,
vic,vimcu,3,0,0,0,
vimc,vimcu,0,0,0,0,
vimcu,vimcu,0,0,0,170,
vid,vindu,10,0,0,0,
vindu,vindu,0,1,1,36,
vij,vinji,24,0,0,0,
vinji,vinji,2,0,18,59,
vinj,vinji,0,0,0,0,
vip,vipsi,3,0,0,0,
vipsi,vipsi,0,0,3,24,
vri,virnu,14,20,28,0,
vi'a,viska,37,4,72,0,
vis,viska,93,6,0,0,
viska,viska,19,0,0,1407,
visk,viska,0,0,0,0,
vit,vitci,4,0,0,0,
vitci,vitci,0,0,2,7,
vi'e,vitke,16,0,19,0,
vitk,vitke,0,0,0,0,
vitku,vitku,0,0,1,0,
vi'o,vitno,20,0,20,0,
vitn,vitno,0,0,0,0,
vitno,vitno,0,0,0,140,
lag,vlagi,5,0,0,0,
vlagi,vlagi,0,0,1,26,
vil,vlile,57,8,0,0,
vlile,vlile,7,0,6,84,
vlin,vlina,9,0,0,0,
vlina,vlina,0,0,7,22,
vli,vlipa,101,11,30,0,
vlipa,vlipa,0,0,0,157,
von,vo,37,2,0,0,
voi,vofli,27,0,8,0,
vol,vofli,9,0,0,0,
vok,voksa,20,20,0,0,
vo'a,voksa,0,9,10,0,
voks,voksa,0,0,0,0,
voksa,voksa,0,0,0,228,
vro,vorme,61,6,115,0,
vor,vorme,0,0,0,0,
vra,vraga,0,14,25,0,
va'a,vraga,0,0,16,0,
vei,vreji,10,27,64,0,
rej,vreji,25,0,0,0,
vrej,vreji,0,0,0,0,
vre,vreta,18,2,23,0,
vric,vrici,11,0,0,0,
vrici,vrici,0,0,8,241,
vu'e,vrude,7,0,45,0,14
vud,vrude,5,0,0,0,
vrude,vrude,0,0,0,68,
vus,vrusi,84,0,0,0,
vu'i,vrusi,4,0,6,0,
vuz,vu,23,10,0,0,
vur,vukro,1,0,0,0,
vu'o,vukro,0,0,1,0,
xav,xa,13,0,0,0,
xa'u,xabju,45,2,76,0,
xabju,xabju,0,0,2,633,
xabj,xabju,0,0,0,0,
xab,xadba,34,0,0,0,
xadba,xadba,0,0,16,56,
xad,xadni,66,3,0,0,
xadni,xadni,0,0,9,210,
xagji,xagji,4,0,18,109,
xagri,xagri,0,0,4,5,
xagr,xagri,0,1,0,0,
xam,xajmi,50,16,0,0,
xajmi,xajmi,2,0,19,176,
xajm,xajmi,0,0,0,0,
xaksu,xaksu,0,0,50,107,
xak,xaksu,0,17,0,0,
xalbo,xalbo,0,0,1,32,
xal,xalka,23,20,0,0,
xalka,xalka,0,0,4,60,
xalni,xalni,0,0,1,68,
xau,xamgu,365,60,128,0,
xag,xamgu,151,0,0,0,
xamg,xamgu,0,0,0,0,
xamgu,xamgu,0,0,0,1059,
xa'o,xampo,0,0,2,0,
xas,xamsi,125,2,0,0,
xamsi,xamsi,0,0,14,146,
xan,xance,143,58,0,0,
xa'e,xance,0,4,40,0,
xanc,xance,0,0,0,0,
xance,xance,0,0,0,289,
xank,xanka,6,0,0,0,
xanka,xanka,0,0,2,171,
xar,xanri,101,1,0,0,
xanri,xanri,1,0,30,180,
xant,xanto,18,0,0,0,
xanto,xanto,0,0,5,105,
xac,xarci,76,0,0,0,
xa'i,xarci,2,0,66,0,
xarju,xarju,0,0,25,30,
xaj,xarju,9,0,0,0,
xarnu,xarnu,0,0,8,32,
xarn,xarnu,7,0,0,0,
xasl,xasli,3,0,0,0,
xasli,xasli,0,0,1,65,
xasne,xasne,0,0,2,31,
xa'a,xatra,4,0,73,0,
xatra,xatra,0,0,0,147,
xatsi,xatsi,0,0,2,0,
zdo,xazdo,3,5,12,0,
xaz,xazdo,0,0,0,0,
xazd,xazdo,0,0,0,0,
xazdo,xazdo,0,0,0,32,
xel,xe,174,98,0,0,
xem,xe,25,27,0,0,
xei,xebni,0,0,25,0,
xebni,xebni,0,0,0,99,
bro,xebro,12,0,21,0,
xebro,xebro,0,0,0,11,
cto,xecto,17,0,9,0,
xet,xecto,0,0,0,0,
xej,xedja,3,0,0,0,
xe'a,xedja,1,0,1,0,
xek,xekri,47,0,0,0,
xe'i,xekri,4,0,6,0,
xekr,xekri,0,0,0,0,
xekri,xekri,0,0,0,380,
xelso,xelso,0,0,8,68,
xes,xelso,8,0,0,0,
xe'o,xendo,0,2,9,0,
xed,xendo,0,5,0,0,
xendo,xendo,0,0,0,48,
xer,xenru,32,14,0,0,
xe'u,xenru,1,0,1,0,
xenru,xenru,0,0,0,111,
xexso,xexso,0,0,2,1,
xin,xindo,13,0,0,0,
xindo,xindo,0,0,1,21,
xinmo,xinmo,0,0,6,4,
xir,xirma,48,17,0,0,
xi'a,xirma,0,0,36,0,
xirm,xirma,0,6,0,0,
xirma,xirma,0,0,0,258,
xil,xislu,19,18,0,0,
xi'u,xislu,0,0,12,0,
xislu,xislu,0,0,0,32,
xispo,xispo,0,0,1,13,
xla,xlali,85,40,17,0,
xlal,xlali,0,0,0,0,
xlu,xlura,11,18,51,0,
xlura,xlura,0,0,0,152,
xoi,xotli,0,0,4,0,
xotli,xotli,0,0,2,30,
rab,xrabo,10,0,0,0,
xrabo,xrabo,0,0,1,31,
xai,xrani,7,2,125,0,
xrani,xrani,0,0,0,142,
xis,xriso,90,0,0,0,
xi'o,xriso,22,0,2,0,
xriso,xriso,0,0,2,53,
xris,xriso,0,0,0,0,
xruba,xruba,0,0,6,19,
xub,xruba,2,0,0,0,
xuk,xruki,40,0,0,0,
xruki,xruki,0,0,1,52,
xruk,xruki,0,0,0,0,
rul,xrula,52,8,0,0,
xrula,xrula,0,0,5,149,
xru,xruti,110,3,139,0,
xrut,xruti,0,0,0,0,
xruti,xruti,0,0,0,524,
xum,xukmi,26,0,0,0,
xu'i,xukmi,0,0,12,0,
xukmi,xukmi,0,0,0,54,
xun,xunre,68,0,0,0,
xu'e,xunre,13,0,42,0,
xunre,xunre,10,0,0,683,
xunr,xunre,0,0,0,0,
xu'o,xurdo,0,0,1,0,
xu'a,xusra,1,0,70,0,
xus,xusra,14,1,0,0,
xusra,xusra,0,0,0,380,
xul,xutla,12,0,0,0,
zaz,za'i,0,7,33,0,
za'o,za'o,6,0,0,0,
zan,zabna,324,0,0,0,
za'a,zabna,7,0,14,0,
zabn,zabna,0,0,0,0,
zaj,zajba,8,0,0,0,
zajba,zajba,0,0,1,14,
zal,zalvi,7,0,0,0,
zalvi,zalvi,0,0,2,4,
zau,zanru,30,49,49,0,27
zar,zanru,7,0,0,0,
zanr,zanru,0,0,0,0,
zanru,zanru,0,0,0,336,
zai,zarci,3,1,37,0,
zarci,zarci,0,0,0,1098,
zag,zargu,15,0,0,0,
za'u,zargu,0,0,6,0,
zas,zasni,69,3,0,0,
zasni,zasni,0,0,2,157,
zaste,zaste,0,0,2,0,
za'i,zasti,3,0,120,0,288
zat,zasti,12,0,0,0,
zasti,zasti,0,0,0,648,
bab,zbabu,5,0,0,0,
zbabu,zbabu,0,0,4,20,
zbani,zbani,0,0,1,6,
zba,zbasu,19,22,149,0,
zbasu,zbasu,0,0,0,844,
zbe,zbepi,1,0,23,0,
zbepi,zbepi,0,0,0,28,
zda,zdani,155,51,586,0,
zdani,zdani,0,0,13,1178,
zdan,zdani,0,0,0,0,
zdi,zdile,40,1,133,0,
zil,zdile,82,0,0,0,
zdile,zdile,0,0,4,319,
zel,ze,4,0,0,0,
ze'e,ze'e,0,0,1,0,
zei,zekri,106,3,31,0,
zer,zekri,116,0,0,0,
zekr,zekri,0,0,0,0,
ze'a,zenba,0,0,80,0,
zen,zenba,21,12,0,0,
zenba,zenba,0,0,0,189,
zepti,zepti,0,0,2,0,
zetro,zetro,0,0,2,3,
zet,zetro,1,0,0,0,
zga,zgana,46,0,114,0,
zgana,zgana,0,0,2,682,
zgan,zgana,0,0,0,0,
zgi,zgike,81,9,21,0,
gi'e,zgike,2,4,1,0,
zgik,zgike,0,0,0,0,
zgike,zgike,0,0,0,171,
zi'e,zifre,9,5,62,0,
zif,zifre,33,0,0,0,
zifre,zifre,3,0,0,352,
zifr,zifre,0,0,0,0,
zin,zinki,0,11,0,0,
zir,zirpu,108,3,0,0,
zi'u,zirpu,0,0,52,0,
zirpu,zirpu,0,0,12,114,
vle,zivle,0,0,6,0,
mau,zmadu,36,61,573,0,118
zma,zmadu,154,4,294,0,
zad,zmadu,0,5,0,0,
zmadu,zmadu,0,0,0,1355,
zmi,zmiku,9,0,9,0,
zum,zu'o,0,0,13,0,
zu'e,zukte,10,19,284,0,24
zuk,zukte,16,9,0,0,
zukte,zukte,0,0,5,617,
zmu,zumri,4,0,1,0,
zug,zungi,13,0,0,0,
zungi,zungi,0,0,1,22,
zul,zunle,15,0,0,0,
zunle,zunle,0,0,2,210,
zun,zunti,30,20,0,0,
zu'i,zunti,0,1,7,0,
zunti,zunti,0,0,0,72,
tse,zutse,54,2,76,0,
zut,zutse,0,1,0,0,
zutse,zutse,0,0,0,347,
zva,zvati,164,4,102,0,
zvati,zvati,0,0,13,1218,
mub,,40,0,0,0,
pup,,11,0,0,0,
zam,,9,2,0,0,
nij,,10,0,0,0,
diu,,0,0,5,0,
vom,,5,0,0,0,
kie,,4,0,0,0,
zab,,3,0,0,0,
boo,,0,0,2,0,
job,,2,0,0,0,
kio,,2,0,0,0,
rea,,0,0,2,0,
vijn,,2,0,0,0,
luu,,1,0,0,0,
pika,,0,0,1,0,
sio,,0,0,1,0,
sui,,0,0,1,0,
brodo,brodo,,,,8,
brodu,brodu,,,,43,
cicna,cicna,,,,19,
mapni,mapni,,,,18,
nikle,nikle,,,,5,
nukni,nukni,,,,55,
panje,panje,,,,2,
sfofa,sfofa,,,,49,
sliri,sliri,,,,14,
tinci,tinci,,,,16,
va'o,vanbi,,,,0,494
zu'a,zunle,,,,0,86
vu'a,stici,,,,0,17
pu,purci,,,,0,4350
ca,cabna,,,,0,6219
ba,balvi,,,,0,3112
nu,fasnu,,,,0,9999
ni,klani,,,,0,3004
se'o,senva,,,,0,112
do'a,dunda,,,,0,49
pe'u,cpedu,,,,0,216
ki'e,ckire,,,,0,465
fi'i,friti,,,,0,124
be'e,benji,,,,0,14
re'i,bredi,,,,0,12
je'e,jimpe,,,,0,119
ke'o,krefu,,,,0,43
fe'o,fanmo,,,,0,50
mi'e,mi,,,,0,5570
sau,sarcu,,,,0,537
tai,tamsmi,,,,0,823
ga'a,zgana,,,,0,55
la'u,klani,,,,0,126
le'a,klesi,,,,0,42
ra'i,krasi,,,,0,134
tu'i,stuzi,,,,0,156
fi'e,finti,,,,0,46
ma'e,marji,,,,0,13
mu'u,mupli,,,,0,117
ti'u,tcika,,,,0,75
ri'i,lifri,,,,0,49
va'u,xamgu,,,,0,5
ba'i,basti,,,,0,88
ci'o,cinmo,,,,0,41
cu'u,cusku,,,,0,512
de'i,detri,,,,0,103
di'o,diklo,,,,0,113
du'o,djuno,,,,0,94
ja'i,javni,,,,0,66
ji'e,jimte,,,,0,57
ji'o,jitro,,,,0,19
ji'u,jicmu,,,,0,107
ka'a,klama,,,,0,50
ku'u,kulnu,,,,0,95
ma'i,manri,,,,0,87
pa'a,panra,,,,0,142
pa'u,pagbu,,,,0,15
pi'o,pilno,,,,0,83
po'i,porsi,,,,0,34
pu'e,pruce,,,,0,53
si'u,sidju,,,,0,49
ta'i,tadji,,,,0,266
ri'u,pritu,,,,0,24
ga'u,gapru,,,,0,74
ca'u,crane,,,,0,47
be'a,berti,,,,0,75
ti'a,trixe,,,,0,18
ru'u,sruri,,,,0,144
pa'o,pagre,,,,0,101
ne'u,snanu,,,,0,14
du'a,stuna,,,,0,12
ka,ckaji,,,,0,6033
du'u,du,,,,0,
su'u,sucta,,,,0,254
jei,jetnu,,,,0,1157
ga'i,galtu,,,,0,199
ri'e,zifre,,,,0,15
fu'i,frili,,,,0,25
se'a,sevzi,,,,0,28
ja'o,jalge,,,,0,120
ba'a,balvi,,,,0,161
su'a,sucta,,,,0,82
ti'e,tirna,,,,0,164
ka'u,kulnu,,,,0,129
za'a,zgana,,,,0,271
pe'i,pensi,,,,0,2016
ku'i,karbi,,,,0,2003
ji'a,jmina,,,,0,1087
si'a,simsa,,,,0,92
va'i,valsi,,,,0,121
ta'u,tanru,,,,0,57
li'a,klina,,,,0,260
ba'u,banli,,,,0,59
sa'e,satci,,,,0,125
sa'u,sampu,,,,0,31
pa'e,pajni,,,,0,23
la'a,lakne,,,,0,231
ta'o,tanjo,,,,0,286
ra'u,ralju,,,,0,36
mu'a,mupli,,,,0,301
ru'e,ruble,,,,0,
sai,tsali,,,,0,
ke'i,kalri,,,,0,6
du,dunli,,,,,2745